{"data":[
{"id":1,"name":"if101(海外推荐)","url":"https://demo.if101.tv/api.php/provide/vod/at/xml","cate":"体育,24&&纪录片,25&&冒险片,28&&剧情片,29&&动作片,30&&动画电影,31&&同性片,32&&喜剧片,33&&奇幻片,34&&恐怖片,35&&悬疑片,36&&惊悚片,37&&歌舞片,38&&灾难片,39&&爱情片,40&&犯罪片,41&&科幻片,42&&经典片,43&&网络电影,44&&战争片,117&&欧美剧,119&&日剧,120&&韩剧,121&&国产剧,122&&泰剧,123&&港剧,124&&台剧,125&&新马剧,126&&其他剧,127&&欧美综艺,128&&日本综艺,129&&韩国综艺,130&&国产综艺,131&&新马泰综艺,132&&港台综艺,133&&其他综艺,134&&欧美动漫,135&&日本动漫,136&&韩国动漫,137&&国产动漫,138&&新马泰动漫,139&&港台动漫,140&&其他动漫,142","click":true},
{"id":1,"name":"天堂资源(官)","url":"http://vipmv.cc/api.php/provide/vod/at/xml/","cate":"电影,1&&连续剧,2&&综艺,3&&动漫,4&&动作片,6&&喜剧片,7&&爱情片,8&&科幻片,9&&恐怖片,10&&剧情片,11&&战争片,12&&国产剧,13&&港台剧,14&&日韩剧,15&&欧美剧,16&&哔哩哔哩,20","click":true},
{"id":1,"name":"M3U8.TV资源(官)","url":"http://www.zycaiji.net:7788/api.php/provide/vod/at/xml/","cate":"综艺,3&&动漫,4&&动作片,6&&喜剧片,7&&爱情片,8&&科幻片,9&&恐怖片,10&&剧情片,11&&战争片,12&&国产剧,13&&港台剧,14&&日韩剧,15&&欧美剧,16&&惊悚片,20&&犯罪片,21&&冒险片,22&&悬疑片,23&&奇幻片,24&&纪录片,25&&动画片,26&&番剧（B站专用）,27&&国创（B站专用）,28&&电影（B站专用）,29&&电视剧（B站专用）,30","click":true},
{"id":1,"name":"诺讯资源(官)","url":"http://caiji.nxflv.com/api.php/provide/vod/at/xml/","cate":"综艺频道,3&&动漫频道,4&&综合频道,5&&动作片,6&&喜剧片,7&&爱情片,8&&科幻片,9&&恐怖片,10&&剧情片,11&&战争片,12&&国产剧,13&&港台剧,14&&日韩剧,15&&欧美剧,16","click":true},
{"id":1,"name":"看猫(官)","url":"http://124.222.83.15:88/api.php/provide/vod/at/xml/","cate":"电影,1&&连续剧,2&&综艺,3&&动漫,4&&动作片,6&&喜剧片,7&&爱情片,8&&科幻片,9&&恐怖片,10&&剧情片,11&&战争片,12&&国产剧,13&&港台剧,14&&日韩剧,15&&欧美剧,16","click":true},
{"id":1,"name":"忆梦(官)","url":"http://anltv.cn/api.php/provide/vod/at/xml/","cate":"综艺,3&&动作片,6&&喜剧片,7&&爱情片,8&&科幻片,9&&恐怖片,10&&剧情片,11&&战争片,12&&国产剧,13&&港台剧,14&&日韩剧,15&&欧美剧,16&&惊悚片,21&&犯罪片,22&&冒险片,23&&悬疑片,24&&奇幻片,25&&武侠片,26&&电影(B站),29&&电视剧(B站),30&&番剧(B站),31&&国创(B站),32","click":true},
{"id":1,"name":"雪人官采(官)","url":"https://zl.chinafix.wang/api.php/provide/vod/at/xml/","cate":"电影,1&&连续剧,2&&综艺,3&&动漫,4&&B站,5&&动作片,6&&喜剧片,7&&爱情片,8&&科幻片,9&&恐怖片,10&&剧情片,11&&战争片,12&&国产剧,13&&港台剧,14&&日韩剧,15&&欧美剧,16&&惊悚片,22&&犯罪片,23&&冒险片,24&&悬疑片,27&&动画片,28&&武侠片,29&&奇幻片,30&&纪录片,31&&B站电影,32&&B站电视剧,33&&B站番剧,34&&B站国创,35","click":true},
{"id":1,"name":"木子看剧(官)","url":"https://mzkj.maccms.cf/api.php/provide/vod/at/xml/","cate":"电影,1&&连续剧,2&&综艺,3&&动漫,4&&哔哩哔哩,42&&直播,45&&音乐MV,47&&4K,49&&SVIP专属,466","click":true},
{"id":1,"name":"小猫咪(官)","url":"http://zy.xiaomaomi.cc/api.php/provide/vod/at/xml/","cate":"综艺,3&&动漫,4&&动作片,6&&喜剧片,7&&爱情片,8&&科幻片,9&&恐怖片,10&&剧情片,11&&战争片,12&&国产剧,13&&港台剧,14&&日韩剧,15&&欧美剧,16&&综合频道,20","click":true},
{"id":1,"name":"阿远采集(官)","url":"https://www.cjzy.xyz:8888/api.php/provide/vod/at/xml/","cate":"电影,1&&连续剧,2&&综艺,3&&动漫,4&&动作片,6&&喜剧片,7&&爱情片,8&&科幻片,9&&恐怖片,10&&剧情片,11&&战争片,12&&国产剧,13&&港台剧,14&&日韩剧,15&&欧美剧,16","click":true},
{"id":1,"name":"TOM资源(切)","url":"https://api.tomcaiji.com/api.php/provide/vod/at/xml/","cate":"电影,1&&电视剧,2&&综艺,3&&动漫,25&&动作片,6&&喜剧片,7&&爱情片,8&&科幻片,9&&恐怖片,10&&剧情片,11&&战争片,12&&日剧,15&&欧美剧,16&&韩剧,21&&泰剧,22&&纪录片,24&&日韩综艺,31&&欧美综艺,33&&日韩动漫,35&&欧美动漫,36&&犯罪片,38&&灾难片,39&&奇幻片,40&&悬疑片,41&&惊悚片,56","click":true},
{"id":1,"name":"快车资源(切)","url":"https://caiji.kczyapi.com/api.php/provide/vod/at/xml/","cate":"电影,1&&动作片,2&&喜剧片,3&&爱情片,4&&科幻片,5&&恐怖片,6&&战争片,7&&剧情片,8&&伦理片,9&&动画片,10&&电视剧,11&&国产剧,12&&香港剧,13&&台湾剧,14&&欧美剧,15&&韩国剧,16&&日本剧,17&&海外剧,18&&动漫,20&&国产动漫,21&&日本动漫,22&&欧美动漫,23&&预留,24&&综艺,25&&大陆综艺,26&&日韩综艺,27&&港台综艺,28&&欧美综艺,29&&泰国剧,31","click":true},
{"id":1,"name":"松鼠资源(切)","url":"https://m3u8.songshuzy.com/api.php/provide/vod/at/xml/","cate":"综艺,3&&动漫,4&&动作片,6&&喜剧片,7&&爱情片,8&&科幻片,9&&恐怖片,10&&悬疑片,11&&剧情片,12&&战争片,20&&纪录片,21&&动画片,23&&其他片,24&&国产剧,25&&港台剧,26&&日韩剧,27&&欧美剧,28&&其他剧,29&&大陆综艺,30&&港台综艺,31&&日韩综艺,32&&欧美综艺,33&&国产动漫,34&&日韩动漫,35&&欧美动漫,36","click":true},
{"id":1,"name":"FOX资源(切)","url":"https://api.foxzyapi.com/api.php/provide/vod/at/xml/","cate":"犯罪片,1&&纪录片,2&&动漫片,3&&动作片,4&&喜剧片,5&&爱情片,6&&科幻片,7&&恐怖片,8&&剧情片,9&&战争片,10&&台湾剧,32&&国产剧,33&&韩国剧,34&&香港剧,35&&欧美剧,36&&日本剧,37&&其他剧,38&&日韩综艺,40&&大陆综艺,41&&港台综艺,42&&欧美综艺,43&&国产动漫,45&&日本动漫,46&&欧美动漫,47&&海外动漫,48","click":true},
{"id":1,"name":"量子资源(切)","url":"http://cj.lziapi.com/api.php/provide/vod/at/xml/","cate":"动作片,6&&喜剧片,7&&爱情片,8&&科幻片,9&&恐怖片,10&&剧情片,11&&战争片,12&&国产剧,13&&香港剧,14&&韩国剧,15&&欧美剧,16&&记录片,20&&台湾剧,21&&日本剧,22&&海外剧,23&&泰国剧,24&&大陆综艺,25&&港台综艺,26&&日韩综艺,27&&欧美综艺,28&&国产动漫,29&&日韩动漫,30&&欧美动漫,31&&港台动漫,32&&海外动漫,33","click":true},
{"id":1,"name":"神速资源(切)","url":"https://api.sszyapi.com/api.php/provide/vod/at/xml/","cate":"电影,1&&动漫,4&&动作片,6&&喜剧片,7&&爱情片,8&&科幻片,9&&恐怖片,10&&犯罪片,11&&战争片,12&&国产剧,13&&香港剧,14&&台湾剧,15&&美国剧,16&&动漫片,20&&纪录片,21&&剧情片,22&&韩国剧,23&&日本剧,24&&海外剧,25&&大陆综艺,26&&日韩综艺,27&&港台综艺,28&&欧美综艺,29&&国产动漫,30&&欧美动漫,31&&日本动漫,32&&海外动漫,33&&电影解说,37&&奇幻片,38&&灾难片,39&&悬疑片,41&&泰国剧,43","click":true},
{"id":1,"name":"卧龙资源(切)","url":"https://collect.wolongzyw.com/api.php/provide/vod/at/xml/","cate":"动作片,5&&喜剧片,6&&爱情片,7&&科幻片,8&&恐怖片,9&&剧情片,10&&战争片,11&&国产剧,12&&香港剧,13&&韩国剧,14&&欧美剧,15&&台湾剧,16&&日本剧,17&&海外剧,18&&记录片,22&&短片,23&&动画片,24&&国产动漫,25&&欧美动漫,26&&日本动漫,27&&港台综艺,30&&韩国综艺,31&&大陆综艺,32&&泰国剧,33&&欧美综艺,37&&电影解说,38&&惊悚片,39&&家庭片,42&&古装片,43&&历史片,44&&悬疑片,45&&犯罪片,46","click":true},
{"id":1,"name":"樱花资源(切)","url":"https://m3u8.apiyhzy.com/api.php/provide/vod/at/xml/","cate":"动作片,6&&喜剧片,7&&爱情片,8&&科幻片,9&&恐怖片,10&&剧情片,11&&战争片,12&&国产剧,13&&香港剧,14&&台湾剧,15&&韩国剧,16&&犯罪片,20&&纪录片,21&&动画电影,22&&日本剧,23&&欧美剧,24&&海外剧,25&&大陆综艺,26&&日韩综艺,27&&港台综艺,28&&欧美综艺,29&&国产动漫,30&&日本动漫,31&&欧美动漫,32&&海外动漫,33","click":true},
{"id":1,"name":"想看资源(切)","url":"https://m3u8.xiangkanapi.com/api.php/provide/vod/at/xml/","cate":"犯罪片,1&&纪录片,2&&动漫片,3&&动作片,4&&喜剧片,5&&爱情片,6&&科幻片,7&&恐怖片,8&&剧情片,9&&战争片,10&&连续剧,31&&台湾剧,32&&国产剧,33&&韩国剧,34&&香港剧,35&&欧美剧,36&&日本剧,37&&其他剧,38&&综艺,39&&日韩综艺,40&&大陆综艺,41&&港台综艺,42&&欧美综艺,43&&国产动漫,45&&日本动漫,46&&欧美动漫,47&&海外动漫,48","click":true},
{"id":1,"name":"酷点资源(切)","url":"https://kudianzy.com/api.php/provide/vod/at/xml/","cate":"动作片,6&&喜剧片,7&&爱情片,8&&科幻片,9&&恐怖片,10&&剧情片,11&&战争片,12&&国产剧,13&&港澳剧,14&&日剧,15&&欧美剧,16&&台湾剧,20&&韩剧,21&&泰剧,22&&纪录片,24&&动漫电影,25&&MV专区,29&&大陆综艺,30&&日韩综艺,31&&港台综艺,32&&欧美综艺,33&&国产动漫,34&&日韩动漫,35&&欧美动漫,36&&音乐MV,37","click":true},
{"id":1,"name":"速更资源(切)","url":"https://sugengzy.cn/api.php/provide/vod/at/xml/","cate":"动作片,6&&喜剧片,7&&爱情片,8&&科幻片,9&&恐怖片,10&&剧情片,11&&战争片,12&&国产剧,13&&香港剧,14&&台湾剧,15&&美国剧,16&&纪录片,21&&悬疑片,22&&动画片,23&&犯罪片,24&&奇幻片,25&&韩国剧,26&&日本剧,27&&海外剧,28&&泰剧,29&&大陆综艺,30&&日韩综艺,31&&港台综艺,32&&欧美综艺,33&&国产动漫,34&&日韩动漫,35&&欧美动漫,36&&邵氏电影,37","click":true},
{"id":1,"name":"闪电资源(切)","url":"http://sdzyapi.com/api.php/provide/vod/at/xml/","cate":"动作片,6&&喜剧片,7&&爱情片,8&&科幻片,9&&恐怖片,10&&剧情片,11&&战争片,12&&国产剧,13&&欧美剧,14&&韩剧,15&&日剧,16&&港剧,17&&台剧,18&&泰剧,19&&纪录片,20&&悬疑片,21&&犯罪片,22&&海外剧,23&&大陆综艺,25&&国产动漫,29&&日韩动漫,30&&欧美动漫,31&&冒险片,38&&动画片,39&&惊悚片,40&&奇幻片,43&&港台动漫,44&&海外动漫,45&&演唱会,47&&体育赛事,48","click":true},
{"id":1,"name":"光速资源(切)","url":"https://api.guangsuapi.com/api.php/provide/vod/at/xml/","cate":"综艺,3&&动漫,4&&动作片,6&&喜剧片,7&&爱情片,8&&科幻片,9&&剧情片,10&&恐怖片,11&&战争片,12&&大陆剧,13&&欧美剧,14&&港澳剧,15&&韩剧,16&&动漫电影,20&&日剧,21&&台湾剧,22&&泰剧,23&&记录片,24","click":true},
{"id":1,"name":"新浪资源(切)","url":"http://api.xinlangapi.com/xinlangapi.php/provide/vod/at/xml/","cate":"动漫,3&&综艺,4&&纪录片,5&&动作片,6&&爱情片,7&&科幻片,8&&战争片,9&&剧情片,10&&恐怖片,11&&喜剧片,12&&大陆剧,13&&港澳剧,14&&台湾剧,15&&欧美剧,16&&动漫电影,17&&韩剧,18&&日剧,20&&泰剧,21","click":true},
{"id":1,"name":"鱼乐资源(切)","url":"https://api.ylzy1.com/api.php/provide/vod/at/xml/","cate":"动作片,2&&喜剧片,3&&爱情片,4&&科幻片,5&&恐怖片,6&&剧情片,7&&战争片,8&&纪录片,9&&悬疑片,10&&犯罪片,11&&动画片,12&&奇幻片,13&&国产剧,15&&香港剧,16&&台湾剧,17&&美国剧,18&&韩国剧,19&&日本剧,20&&大陆综艺,22&&日韩综艺,23&&港台综艺,24&&欧美综艺,25&&国产动漫,27&&日韩动漫,28&&欧美动漫,29","click":true},
{"id":1,"name":"韩剧资源(切)","url":"http://www.hanjuzy.com/inc/api.php","cate":"综艺,3&&动漫,4&&动作片,5&&喜剧片,6&&爱情片,7&&科幻片,8&&恐怖片,9&&剧情片,10&&战争片,11&&犯罪片,12&&记录片,13&&国产剧,14&&香港剧,15&&台湾剧,16&&日本剧,17&&韩国剧,18&&泰国剧,19&&欧美剧,20&&海外剧,21","click":true},
{"id":1,"name":"快播资源(切)","url":"http://www.kuaibozy.com/api.php/provide/vod/at/xml/","cate":"综艺,3&&动漫,4&&动作片,6&&喜剧片,7&&爱情片,8&&科幻片,9&&恐怖片,10&&剧情片,11&&战争片,12&&国产剧,13&&港台剧,14&&日韩剧,15&&欧美剧,16&&泰剧,20&&纪录片,21","click":true},
{"id":1,"name":"八戒资源(切)","url":"http://cj.bajiecaiji.com/inc/api.php","cate":"动作片,5&&喜剧片,6&&爱情片,7&&科幻片,8&&恐怖片,9&&奇幻片,10&&剧情片,11&&国产剧,12&&香港剧,13&&台湾剧,14&&韩国剧,15&&日本剧,16&&欧美剧,17&&微电影,19&&海外剧,42&&港台综艺,98&&国外综艺,97&&大陆综艺,96&&国产动漫,91&&日本动漫,92&&欧美动漫,93&&其他动漫,94&&纪录片,99&&动画片,100&&战争片,101","click":true},
{"id":1,"name":"百度资源(切)","url":"https://api.apibdzy.com/api.php/provide/vod/at/xml/","cate":"动作片,6&&喜剧片,7&&爱情片,8&&科幻片,9&&恐怖片,10&&剧情片,11&&战争片,12&&大陆剧,13&&港澳剧,14&&韩剧,15&&日剧,16&&纪录片,17&&犯罪片,18&&动画电影,20&&台湾剧,21&&欧美剧,22&&其他剧,23&&泰剧,24&&大陆综艺,25&&国产动漫,29&&日韩动漫,30&&欧美动漫,31&&悬疑片,32","click":true},
{"id":1,"name":"乐多资源(切)","url":"http://cj.leduocaiji.com/inc/api.php","cate":"综艺,3&&动作片,5&&喜剧片,6&&爱情片,7&&科幻片,8&&恐怖片,9&&剧情片,10&&战争片,11&&国产剧,12&&港剧,13&&日剧,14&&欧美剧,15&&台剧,16&&韩剧,17&&其他动漫,26&&海外剧,21&&纪录片,22&&国产动漫,23&&日本动漫,24&&欧美动漫,25&&动画电影,27","click":true},
{"id":1,"name":"南国影源(切)","url":"http://api.nguonphim.tv/api.php/provide/vod/at/xml/","cate":"PhimLẻ,1&&PhimBộ,2&&TVShow,3&&HoạtHình,4&&TrungQuốc,13&&Hồngkông,14&&ĐàiLoan,15&&ÂuMỹ,16&&HànQuốc,22&&NhậtBản,23&&Tháilan,25&&QuốcGiaKhác,26","click":true},
{"id":1,"name":"U酷资源(优)","url":"https://api.ukuapi.com/api.php/provide/vod/at/xml/","cate":"综艺,3&&动漫,4&&动作片,6&&喜剧片,7&&爱情片,8&&科幻片,9&&恐怖片,10&&剧情片,11&&战争片,12&&国产剧,13&&港澳剧,14&&日剧,15&&欧美剧,16&&动漫电影,20&&台湾剧,21&&韩剧,22&&泰剧,23&&记录片,24","click":true},
{"id":1,"name":"789盘(优)","url":"https://www.rrvipw.com/api.php/provide/vod/at/xml/","cate":"电视剧,2&&综艺,3&&动漫,4&&动作片,6&&喜剧片,7&&爱情片,8&&科幻片,9&&恐怖片,10&&剧情片,11&&战争片,12&&国产剧,13&&港台剧,14&&日韩剧,15&&欧美剧,16&&犯罪片,20&&国产动漫,21&&日本动漫,22&&欧美动漫,23&&大陆综艺,26&&纪录片,27","click":true},
{"id":1,"name":"旋风云(优)","url":"http://appimg.ssxmall.cn/api.php/provide/vod/at/xml/","cate":"综艺,3&&动漫,4&&动作片,6&&喜剧片,7&&爱情片,8&&科幻片,9&&恐怖片,10&&剧情片,11&&战争片,12&&国产剧,13&&港台剧,14&&日韩剧,15&&欧美剧,16","click":true},
{"id":1,"name":"XYUI(优)","url":"http://jx4.xyui.top:7001/api.php/provide/vod/at/xml/","cate":"电影,1&&连续剧,2&&综艺,3&&动漫,4&&动作片,6&&喜剧片,7&&爱情片,8&&科幻片,9&&恐怖片,10&&剧情片,11&&战争片,12&&国产剧,13&&港台剧,14&&日韩剧,15&&欧美剧,16","click":true},
{"id":1,"name":"ASMR(优)","url":"http://www.asmr19.in/api.php/provide/vod/at/xml/","cate":"asmr,23","click":true},
{"id":1,"name":"饭后电影(优)","url":"http://yinliub.cn/api.php/provide/vod/at/xml/","cate":"电影,1&&连续剧,2&&综艺,3&&动漫,4&&4K资源,20&&海外剧,21&&预告片,22","click":true},
{"id":1,"name":"考拉TV(优)","url":"https://ikaola.tv/api.php/provide/vod/at/xml/","cate":"电影,1&&连续剧,2&&综艺,3&&动漫,4&&动作,6&&喜剧,7&&爱情,8&&科幻,9&&恐怖,10&&剧情,11&&战争,12&&国产,13&&港台,14&&日韩,15&&欧美,16&&惊悚,20&&犯罪,21&&冒险,22&&悬疑,23&&动画,24&&武侠,25&&奇幻,26&&记录,27&&国产综艺,35&&港台综艺,36&&欧美综艺,37&&国产动漫,38&&日韩动漫,39&&欧美动漫,40&&日韩综艺,41&&海外,42","click":true},
{"id":1,"name":"段友影视(优)","url":"http://shangjihuoke.com/api.php/provide/vod/at/xml/","cate":"电影,1&&连续剧,2&&综艺,3&&动漫,4&&B站,31","click":true},
{"id":1,"name":"51看剧(优)","url":"http://51kanju.cn/api.php/provide/vod/at/xml/","cate":"在线电影,1&&电视剧,2&&综艺节目,3&&樱花动漫,4&&动作片,6&&喜剧电影,7&&爱情片,8&&科幻电影,9&&恐怖片,10&&剧情片,11&&战争片,12&&国产剧,13&&港台剧,14&&日韩剧,16&&犯罪片,20&&动画电影,21&&纪录片,22&&美剧,24&&泰剧,25&&大陆综艺,26&&港台综艺,27&&日韩综艺,28&&欧美综艺,29&&国产动漫,30&&日韩动漫,31&&欧美动漫,32&&海外动漫,33","click":true},
{"id":1,"name":"每天看看(优)","url":"http://47.113.126.237:1234/api.php/provide/vod/at/xml/","cate":"电影,1&&连续剧,2&&综艺,3&&动漫,4&&动作片,6&&喜剧片,7&&爱情片,8&&科幻片,9&&恐怖片,10&&剧情片,11&&战争片,12&&国产剧,13&&港台剧,14&&日韩剧,15&&欧美剧,16&&犯罪片,20&&奇幻片,21&&悬疑片,22&&惊悚片,23&&其他剧,25&&泰国剧,26&&纪录片,27&&武侠片,29&&国产动漫,30&&日韩动漫,31&&欧美动漫,32&&大陆综艺,35&&港台综艺,36&&日韩综艺,37&&欧美综艺,38&&国创,40&&番剧,41&&B站资源,42&&少儿,43","click":true},
{"id":1,"name":"一拳动漫(优)","url":"http://47.97.68.224/api.php/provide/vod/at/xml/","cate":"动漫,20&&番剧,21&&国创,22&&电影,23&&电视剧,24&&综艺,25&&纪录片,26","click":true},
{"id":1,"name":"乐活影视(优)","url":"https://lehootv.com/api.php/provide/vod/at/xml/","cate":"电影,1&&综艺,3&&动漫,4&&动作片,6&&喜剧片,7&&爱情片,8&&科幻片,9&&恐怖片,10&&剧情片,11&&战争片,12&&国产剧,13&&港剧,14&&日剧,15&&美剧,16&&台剧,20&&韩剧,21&&泰剧,22&&海外剧,23&&记录片,27&&动画片,28&&游戏,29&&大陆综艺,32&&港台综艺,33&&欧美综艺,34&&日韩综艺,35&&国产动漫,36&&日本动漫,37&&港台动漫,38&&欧美动漫,39&&奇幻片,43&&短视频,45&&音乐MV,46&&搞笑,47&&WWE摔跤娱乐,57&&赛车,58&&UFC终极格斗,59&&网球,60&&篮球,61&&足球,62&&自行车,63&&棒球,64&&摩托车,65&&橄榄球,66&&MMA综合格斗,67&&高尔夫,68&&台球,69&&拳击,70","click":true},
{"id":1,"name":"筋斗云(优)","url":"https://tv.jindcloud.com/api.php/provide/vod/at/xml/","cate":"电影,1&&连续剧,2&&综艺,3&&动漫,4","click":true},
{"id":1,"name":"影图(聚)","url":"https://cj.vodimg.top/api.php/provide/vod/at/xml/","cate":"电影,1&&连续剧,2&&综艺,3&&动漫,4&&动作片,6&&喜剧片,7&&爱情片,8&&科幻片,9&&恐怖片,10&&剧情片,11&&战争片,12&&国产剧,13&&港台剧,14&&日韩剧,15&&欧美剧,16","click":true},
{"id":1,"name":"美剧星球","url":"https://www.meijuxq.tv/inc/api.php","cate":"美剧片库,2&&魔幻/科幻,17&&灵异/惊悚,18&&都市/情感,19&&犯罪/历史,20&&动漫/卡通,21&&综艺/记录,22&&电影,1","click":true},
{"id":1,"name":"天天影视(聚)","url":"http://tt2022.ga/api.php/provide/vod/at/xml/","cate":"电影,1&&连续剧,2&&综艺,3&&动漫,4&&动作片,6&&喜剧片,7&&爱情片,8&&科幻片,9&&恐怖片,10&&剧情片,11&&战争片,12&&国产剧,13&&港台剧,14&&日韩剧,15&&欧美剧,16&&国产,25&&精品,26&&日韩,27&&剧情精品,28","click":true},
{"id":1,"name":"随缘电影(聚)","url":"https://baobei666.com/inc/api.php","cate":"综艺,18&&动漫,4&&动作片,5&&喜剧片,6&&爱情片,7&&科幻片,8&&恐怖片,9&&剧情片,10&&战争片,11&&国产剧,12&&港台剧,13&&日韩剧,14&&欧美剧,15&&足球,20&&篮球,21&&WWE/格斗,22&&其他综合,23&&赛车,24&&海外剧,27&&泰国剧,28&&电影解说,29","click":true},
{"id":1,"name":"39影视(聚)","url":"https://www.39kan.com/api.php/provide/vod/at/xml/","cate":"综艺,3&&动漫,4&&动作片,6&&喜剧片,7&&爱情片,8&&科幻片,9&&恐怖片,10&&剧情片,11&&战争片,12&&国产剧,13&&港台剧,14&&日韩剧,15&&欧美剧,16","click":true},
{"id":1,"name":"剧大神(聚)","url":"http://judashen.com/api.php/provide/vod/at/xml/","cate":"电影,1&&电视剧,2&&综艺,3&&动漫,4","click":true},
{"id":1,"name":"橘猫影视(聚)","url":"http://www.zitv.cc/api.php/provide/vod/at/xml/","cate":"动作片,6&&喜剧片,7&&爱情片,8&&科幻片,9&&恐怖片,10&&剧情片,11&&战争片,12&&国产剧,13&&香港剧,14&&台湾剧,15&&欧美剧,16&&韩国剧,20&&日本剧,21&&海外剧,22&&纪录片,24&&动画片,25&&泰国剧,26","click":true},
{"id":1,"name":"速影(聚)","url":"https://速影128.xyz/inc/api.php","cate":"综艺,3&&动漫,4&&动作片,5&&喜剧片,6&&爱情片,7&&科幻片,8&&恐怖片,9&&剧情片,10&&战争片,11&&国产剧,12&&纪录片,20&&海外剧,21&&欧美剧,15&&日本剧,16&&韩国剧,17&&香港剧,18&&台湾剧,19","click":true},
{"id":1,"name":"飘花电影(聚)","url":"http://www.zzrhgg.com/api.php/provide/vod/at/xml/","cate":"电影,1&&电视剧,2&&综艺,3&&动漫,4&&动作片,6&&喜剧片,7&&爱情片,8&&科幻片,9&&恐怖片,10&&剧情片,11&&战争片,12&&国产剧,13&&港台剧,14&&日韩剧,15&&欧美剧,16","click":true},
{"id":1,"name":"快看客栈(聚)","url":"https://www.vp1127.com/api.php/provide/vod/at/xml/","cate":"电影,1&&剧集,2&&综艺,3&&动漫,4","click":true},
{"id":1,"name":"网民电影(聚)","url":"https://www.prinevillesda.org/api.php/provide/vod/at/xml/","cate":"电影,1&&连续剧,2&&综艺,3&&动漫,4&&动作片,6&&喜剧片,7&&爱情片,8&&科幻片,9&&恐怖片,10&&剧情片,11&&战争片,12&&国产剧,13&&港台剧,14&&日韩剧,15&&欧美剧,16&&台湾剧,20&&日剧,21&&海外剧,22&&纪录片,23&&微电影,24","click":true},
{"id":1,"name":"MBO影视(聚)","url":"https://www.mbomovie.com/api.php/provide/vod/at/xml/","cate":"综艺,3&&动作片,6&&喜剧片,7&&爱情片,8&&科幻片,9&&恐怖片,10&&剧情片,11&&战争片,12&&国产剧,13&&台湾剧,14&&韩国剧,15&&欧美剧,16&&香港剧,20&&日本剧,21&&海外剧,22&&港台综艺,23&&欧美综艺,24&&内地综艺,25&&纪录片,26&&动画片,27&&国产动漫,28&&日韩动漫,29&&欧美动漫,30&&港台动漫,31&&海外动漫,32&&动漫电影,33&&日韩综艺,35&&泰国剧,36&&犯罪片,37","click":true},
{"id":1,"name":"兔子窝(聚)","url":"http://cj.huimaojia.com:12345/api.php/provide/vod/at/xml/","cate":"电影,1&&连续剧,2&&综艺,3&&动漫,4","click":true},
{"id":1,"name":"酷猫影视(聚)","url":"https://www.pgcms10.com/api.php/provide/vod/at/xml/","cate":"动画片在线观看,4&&劲爆动作片,6&&未来科幻电影,7&&唯美爱情电影,8&&大场面战争片,9&&小众剧情电影,10&&惊悚鬼片,11&&搞笑喜剧,12&&国产电视剧,13&&欧美电视剧,14&&日韩电视剧,15&&港台电视剧,16","click":true},
{"id":1,"name":"胖猫影视(聚)","url":"http://www.pangmaotv.com/api.php/provide/vod/at/xml/","cate":"电影,1&&电视剧,2&&综艺,3&&动漫,4&&韩剧,20&&美剧,21","click":true},
{"id":1,"name":"海外电影(聚)","url":"https://www.200121.com/api.php/provide/vod/at/xml/","cate":"电影,1&&连续剧,2&&综艺,3&&动漫,4&&动作片,6&&喜剧片,7&&爱情片,8&&科幻片,9&&恐怖片,10&&剧情片,11&&战争片,12&&国产剧,13&&港台剧,14&&日韩剧,15&&欧美剧,16&&纪录片,24&&奇幻片,25&&泰国剧,26","click":true},
{"id":1,"name":"影视猫(萝卜)","url":"https://vip.wscyun.com/api.php/v1.vod?type=typeId&class=&area=&year=&by=&page=pageNum","detailUrl":"https://vip.wscyun.com/api.php/v1.vod/detail?vod_id=detailId","cate":"电影,1&&连续剧,2&&综艺,3&&二次元,4&&海外剧场,35&&4K专区,40","type":"json","click":true},
{"id":1,"name":"影视大全(萝卜)","url":"https://xc.xixi2yy.xyz/mogai_api.php/v1.vod?type=typeId&class=&area=&year=&by=&page=pageNum","detailUrl":"https://xc.xixi2yy.xyz/mogai_api.php/v1.vod/detail?vod_id=detailId","cate":"电影,38&&电视剧,39&&动漫,40&&综艺,41","type":"json","click":true},
{"id":1,"name":"影库(萝卜)","url":"https://yingkudy.com/lvdou_api.php/v1.vod?type=typeId&class=&area=&year=&by=&page=pageNum","detailUrl":"https://yingkudy.com/lvdou_api.php/v1.vod/detail?vod_id=detailId","cate":"电影,1&&电视剧,2&&综艺,3&&动漫,4&&哔哩哔哩,5&&海外专区,20","type":"json","click":true},
{"id":1,"name":"小鸟动漫(萝卜)","url":"http://xydm.baicai.buzz/mogai_api.php/v1.vod?type=typeId&class=&area=&year=&by=&page=pageNum","detailUrl":"http://xydm.baicai.buzz/mogai_api.php/v1.vod/detail?vod_id=detailId","cate":"日韩动漫,31&&国产动漫,32&&港台动漫,39&&欧美动漫,40&&其他地区,41","type":"json","click":true},
{"id":1,"name":"熊猫视频(萝卜)","url":"http://anegh.com/lvdou_api.php/v1.vod?type=typeId&class=&area=&year=&by=&page=pageNum","detailUrl":"http://anegh.com/lvdou_api.php/v1.vod/detail?vod_id=detailId","cate":"电影,1&&连续剧,2&&综艺,3&&动漫,4&&纪录片,29","type":"json","click":true},
{"id":1,"name":"寻常影视(萝卜)","url":"http://tv.91ymz.cn/mogai_api.php/v1.vod?type=typeId&class=&area=&year=&by=&page=pageNum","detailUrl":"http://tv.91ymz.cn/mogai_api.php/v1.vod/detail?vod_id=detailId","cate":"电影,1&&电视剧,2&&综艺,3&&动漫,4&&纪录片,5","type":"json","click":true},
{"id":1,"name":"蜗牛动漫(萝卜)","url":"http://woniudm.woniu.cyou:20000/mogai_api.php/v1.vod?type=typeId&class=&area=&year=&by=&page=pageNum","detailUrl":"http://woniudm.woniu.cyou:20000/mogai_api.php/v1.vod/detail?vod_id=detailId","cate":"动漫,31&&剧场&OVA,32","type":"json","click":true},
{"id":1,"name":"兔子窝(萝卜)","url":"http://cj.huimaojia.com:12345/mogai_api.php/v1.vod?type=typeId&class=&area=&year=&by=&page=pageNum","detailUrl":"http://cj.huimaojia.com:12345/mogai_api.php/v1.vod/detail?vod_id=detailId","cate":"电影,1&&连续剧,2&&综艺,3&&动漫,4","type":"json","click":true},
{"id":1,"name":"天天视频(萝卜)","url":"http://app.qianju.cc/api.php/v1.vod?type=typeId&class=&area=&year=&by=&page=pageNum","detailUrl":"http://app.qianju.cc/api.php/v1.vod/detail?vod_id=detailId","cate":"电影,1&&连续剧,2&&综艺,3&&动漫,4&&午夜剧场,61","type":"json","click":true},
{"id":1,"name":"沭阳影视(萝卜)","url":"http://zjr.jurentiaodeng.com/api.php/v1.vod?type=typeId&class=&area=&year=&by=&page=pageNum","detailUrl":"http://zjr.jurentiaodeng.com/api.php/v1.vod/detail?vod_id=detailId","cate":"电影,1&&连续剧,2&&综艺,3&&动漫,4","type":"json","click":true},
{"id":1,"name":"日诚影视(萝卜)","url":"http://tv.rcz168.com/api.php/v1.vod?type=typeId&class=&area=&year=&by=&page=pageNum","detailUrl":"http://tv.rcz168.com/api.php/v1.vod/detail?vod_id=detailId","cate":"电影,1&&连续剧,2&&综艺,3&&动漫,4&&直播,5","type":"json","click":true},
{"id":1,"name":"群鑫影视(萝卜)","url":"http://www.qunxinys.com/api.php/v1.vod?type=typeId&class=&area=&year=&by=&page=pageNum","detailUrl":"http://www.qunxinys.com/api.php/v1.vod/detail?vod_id=detailId","cate":"电影,1&&连续剧,2&&综艺,3&&动漫,4&&韩剧,29&&美剧,30","type":"json","click":true},
{"id":1,"name":"蒲公英视频(萝卜)","url":"http://www.pgy1.top/ruifenglb_api.php/v1.vod?type=typeId&class=&area=&year=&by=&page=pageNum","detailUrl":"http://www.pgy1.top/ruifenglb_api.php/v1.vod/detail?vod_id=detailId","cate":"电影,1&&连续剧,2&&综艺,3&&动漫,4","type":"json","click":true},
{"id":1,"name":"美剧迷(萝卜)","url":"http://mj.zjtv.cc/ruifenglb_api.php/v1.vod?type=typeId&class=&area=&year=&by=&page=pageNum","detailUrl":"http://mj.zjtv.cc/ruifenglb_api.php/v1.vod/detail?vod_id=detailId","cate":"美剧,3&&电影,29&&番剧,34&&动漫,38&&电视剧,37&&国内电影,40","type":"json","click":true},
{"id":1,"name":"流星影院(萝卜)","url":"http://app.216bk.xyz/api.php/v1.vod?type=typeId&class=&area=&year=&by=&page=pageNum","detailUrl":"http://app.216bk.xyz/api.php/v1.vod/detail?vod_id=detailId","cate":"电影,1&&连续剧,2&&综艺,3&&动漫,4","type":"json","click":true},
{"id":1,"name":"冷视TV(萝卜)","url":"https://len.tv/api.php/v1.vod?type=typeId&class=&area=&year=&by=&page=pageNum","detailUrl":"https://len.tv/api.php/v1.vod/detail?vod_id=detailId","cate":"电影,1&&连续剧,2&&综艺,3&&动漫,4&&足球,29","type":"json","click":true},
{"id":1,"name":"龙猫追剧(萝卜)","url":"https://lb.ybnxcx.com/api.php/v1.vod?type=typeId&class=&area=&year=&by=&page=pageNum","detailUrl":"https://lb.ybnxcx.com/api.php/v1.vod/detail?vod_id=detailId","cate":"电影,1&&连续剧,2&&综艺,3&&动漫,4","type":"json","click":true},
{"id":1,"name":"凌晨影视(萝卜)","url":"https://vip.wscyun.com/api.php/v1.vod?type=typeId&class=&area=&year=&by=&page=pageNum","detailUrl":"https://vip.wscyun.com/api.php/v1.vod/detail?vod_id=detailId","cate":"电影,1&&连续剧,2&&综艺,3&&二次元,4&&海外剧场,35&&4K专区,40","type":"json","click":true},
{"id":1,"name":"看看视频(萝卜)","url":"http://888.ccboke.top/ruifenglb_api.php/v1.vod?type=typeId&class=&area=&year=&by=&page=pageNum","detailUrl":"http://888.ccboke.top/ruifenglb_api.php/v1.vod/detail?vod_id=detailId","cate":"电影,1&&连续剧,2&&综艺,3&&动漫,4&&动画片,29","type":"json","click":true},
{"id":1,"name":"看剧吧(萝卜)","url":"http://app.ishen520.com/api.php/v1.vod?type=typeId&class=&area=&year=&by=&page=pageNum","detailUrl":"http://app.ishen520.com/api.php/v1.vod/detail?vod_id=detailId","cate":"电影,1&&电视剧,2&&综艺,3&&动漫,4","type":"json","click":true},
{"id":1,"name":"看吧VIP(萝卜)","url":"http://app.ppli.xyz/api.php/v1.vod?type=typeId&class=&area=&year=&by=&page=pageNum","detailUrl":"http://app.ppli.xyz/api.php/v1.vod/detail?vod_id=detailId","cate":"电影,1&&连续剧,2&&综艺,3&&动漫,4","type":"json","click":true},
{"id":1,"name":"橘子影视(萝卜)","url":"http://jz.juzidy.vip/mogai_api.php/v1.vod?type=typeId&class=&area=&year=&by=&page=pageNum","detailUrl":"http://jz.juzidy.vip/mogai_api.php/v1.vod/detail?vod_id=detailId","cate":"电影,1&&连续剧,2&&综艺,3&&动漫,4&&直播,5","type":"json","click":true},
{"id":1,"name":"极酷影视(萝卜)","url":"https://jiku.vip/mogai_api.php/v1.vod?type=typeId&class=&area=&year=&by=&page=pageNum","detailUrl":"https://jiku.vip/mogai_api.php/v1.vod/detail?vod_id=detailId","cate":"电影,1&&电视剧,2&&综艺,3&&动漫,4&&B站,20","type":"json","click":true},
{"id":1,"name":"筋斗云影视(萝卜)","url":"https://tv.jindcloud.com/api.php/v1.vod?type=typeId&class=&area=&year=&by=&page=pageNum","detailUrl":"https://tv.jindcloud.com/api.php/v1.vod/detail?vod_id=detailId","cate":"动漫,4&&综艺,3&&连续剧,2&&电影,1","type":"json","click":true},
{"id":1,"name":"百淘影视(萝卜)","url":"http://ys.58g8.com/lvdou_api.php/v1.vod?type=typeId&class=&area=&year=&by=&page=pageNum","detailUrl":"http://ys.58g8.com/lvdou_api.php/v1.vod/detail?vod_id=detailId","cate":"电影,1&&电视剧,2&&综艺,3&&动漫,4","type":"json","click":true},
{"id":1,"name":"阿里影视(萝卜)","url":"http://aliys.cn:90/api.php/v1.vod?type=typeId&class=&area=&year=&by=&page=pageNum","detailUrl":"http://aliys.cn:90/api.php/v1.vod/detail?vod_id=detailId","cate":"电影,1&&连续剧,2&&综艺,3&&动漫,4&&哔哩,30","type":"json","click":true},
{"id":1,"name":"爱电影(萝卜)","url":"https://www.idianying.com.cn/mogai_api.php/v1.vod?type=typeId&class=&area=&year=&by=&page=pageNum","detailUrl":"https://www.idianying.com.cn/mogai_api.php/v1.vod/detail?vod_id=detailId","cate":"电影,1&&电视剧,2&&综艺,3&&动漫,4","type":"json","click":true},
{"id":1,"name":"U5影视(萝卜)","url":"https://appx.uy07.com/api.php/v1.vod?type=typeId&class=&area=&year=&by=&page=pageNum","detailUrl":"https://appx.uy07.com/api.php/v1.vod/detail?vod_id=detailId","cate":"电影,1&&连续剧,2&&综艺,3&&动漫,4","type":"json","click":true},
{"id":1,"name":"OK影视(萝卜)","url":"http://123.ok00.xyz/api.php/v1.vod?type=typeId&class=&area=&year=&by=&page=pageNum","detailUrl":"http://123.ok00.xyz/api.php/v1.vod/detail?vod_id=detailId","cate":"电影,1&&连续剧,2&&综艺,3&&动漫,4&&直播,5","type":"json","click":true}
]}