{"data":[
{"id":1,"name":"if101(海外推荐)","url":"https://demo.if101.tv/api.php/provide/vod/at/xml","cate":"体育,24&&纪录片,25&&冒险片,28&&剧情片,29&&动作片,30&&动画电影,31&&同性片,32&&喜剧片,33&&奇幻片,34&&恐怖片,35&&悬疑片,36&&惊悚片,37&&歌舞片,38&&灾难片,39&&爱情片,40&&犯罪片,41&&科幻片,42&&经典片,43&&网络电影,44&&战争片,117&&欧美剧,119&&日剧,120&&韩剧,121&&国产剧,122&&泰剧,123&&港剧,124&&台剧,125&&新马剧,126&&其他剧,127&&欧美综艺,128&&日本综艺,129&&韩国综艺,130&&国产综艺,131&&新马泰综艺,132&&港台综艺,133&&其他综艺,134&&欧美动漫,135&&日本动漫,136&&韩国动漫,137&&国产动漫,138&&新马泰动漫,139&&港台动漫,140&&其他动漫,142","click":true},
{"id":1,"name":"天堂资源(官)","url":"http://vipmv.cc/api.php/provide/vod/at/xml/","cate":"电影,1&&连续剧,2&&综艺,3&&动漫,4&&动作片,6&&喜剧片,7&&爱情片,8&&科幻片,9&&恐怖片,10&&剧情片,11&&战争片,12&&国产剧,13&&港台剧,14&&日韩剧,15&&欧美剧,16&&哔哩哔哩,20","click":true},
{"id":1,"name":"M3U8.TV资源(官)","url":"http://www.zycaiji.net:7788/api.php/provide/vod/at/xml/","cate":"综艺,3&&动漫,4&&动作片,6&&喜剧片,7&&爱情片,8&&科幻片,9&&恐怖片,10&&剧情片,11&&战争片,12&&国产剧,13&&港台剧,14&&日韩剧,15&&欧美剧,16&&惊悚片,20&&犯罪片,21&&冒险片,22&&悬疑片,23&&奇幻片,24&&纪录片,25&&动画片,26&&番剧（B站专用）,27&&国创（B站专用）,28&&电影（B站专用）,29&&电视剧（B站专用）,30","click":true},
{"id":1,"name":"诺讯资源(官)","url":"http://caiji.nxflv.com/api.php/provide/vod/at/xml/","cate":"综艺频道,3&&动漫频道,4&&综合频道,5&&动作片,6&&喜剧片,7&&爱情片,8&&科幻片,9&&恐怖片,10&&剧情片,11&&战争片,12&&国产剧,13&&港台剧,14&&日韩剧,15&&欧美剧,16","click":true},
{"id":1,"name":"看猫(官)","url":"http://124.222.83.15:88/api.php/provide/vod/at/xml/","cate":"电影,1&&连续剧,2&&综艺,3&&动漫,4&&动作片,6&&喜剧片,7&&爱情片,8&&科幻片,9&&恐怖片,10&&剧情片,11&&战争片,12&&国产剧,13&&港台剧,14&&日韩剧,15&&欧美剧,16","click":true},
{"id":1,"name":"忆梦(官)","url":"http://anltv.cn/api.php/provide/vod/at/xml/","cate":"综艺,3&&动作片,6&&喜剧片,7&&爱情片,8&&科幻片,9&&恐怖片,10&&剧情片,11&&战争片,12&&国产剧,13&&港台剧,14&&日韩剧,15&&欧美剧,16&&惊悚片,21&&犯罪片,22&&冒险片,23&&悬疑片,24&&奇幻片,25&&武侠片,26&&电影(B站),29&&电视剧(B站),30&&番剧(B站),31&&国创(B站),32","click":true},
{"id":1,"name":"雪人官采(官)","url":"https://zl.chinafix.wang/api.php/provide/vod/at/xml/","cate":"电影,1&&连续剧,2&&综艺,3&&动漫,4&&B站,5&&动作片,6&&喜剧片,7&&爱情片,8&&科幻片,9&&恐怖片,10&&剧情片,11&&战争片,12&&国产剧,13&&港台剧,14&&日韩剧,15&&欧美剧,16&&惊悚片,22&&犯罪片,23&&冒险片,24&&悬疑片,27&&动画片,28&&武侠片,29&&奇幻片,30&&纪录片,31&&B站电影,32&&B站电视剧,33&&B站番剧,34&&B站国创,35","click":true},
{"id":1,"name":"木子看剧(官)","url":"https://mzkj.maccms.cf/api.php/provide/vod/at/xml/","cate":"电影,1&&连续剧,2&&综艺,3&&动漫,4&&哔哩哔哩,42&&直播,45&&音乐MV,47&&4K,49&&SVIP专属,466","click":true},
{"id":1,"name":"小猫咪(官)","url":"http://zy.xiaomaomi.cc/api.php/provide/vod/at/xml/","cate":"综艺,3&&动漫,4&&动作片,6&&喜剧片,7&&爱情片,8&&科幻片,9&&恐怖片,10&&剧情片,11&&战争片,12&&国产剧,13&&港台剧,14&&日韩剧,15&&欧美剧,16&&综合频道,20","click":true},
{"id":1,"name":"阿远采集(官)","url":"https://www.cjzy.xyz:8888/api.php/provide/vod/at/xml/","cate":"电影,1&&连续剧,2&&综艺,3&&动漫,4&&动作片,6&&喜剧片,7&&爱情片,8&&科幻片,9&&恐怖片,10&&剧情片,11&&战争片,12&&国产剧,13&&港台剧,14&&日韩剧,15&&欧美剧,16","click":true},
{"id":1,"name":"TOM资源(切)","url":"https://api.tomcaiji.com/api.php/provide/vod/at/xml/","cate":"电影,1&&电视剧,2&&综艺,3&&动漫,25&&动作片,6&&喜剧片,7&&爱情片,8&&科幻片,9&&恐怖片,10&&剧情片,11&&战争片,12&&日剧,15&&欧美剧,16&&韩剧,21&&泰剧,22&&纪录片,24&&日韩综艺,31&&欧美综艺,33&&日韩动漫,35&&欧美动漫,36&&犯罪片,38&&灾难片,39&&奇幻片,40&&悬疑片,41&&惊悚片,56","click":true},
{"id":1,"name":"快车资源(切)","url":"https://caiji.kczyapi.com/api.php/provide/vod/at/xml/","cate":"电影,1&&动作片,2&&喜剧片,3&&爱情片,4&&科幻片,5&&恐怖片,6&&战争片,7&&剧情片,8&&伦理片,9&&动画片,10&&电视剧,11&&国产剧,12&&香港剧,13&&台湾剧,14&&欧美剧,15&&韩国剧,16&&日本剧,17&&海外剧,18&&动漫,20&&国产动漫,21&&日本动漫,22&&欧美动漫,23&&预留,24&&综艺,25&&大陆综艺,26&&日韩综艺,27&&港台综艺,28&&欧美综艺,29&&泰国剧,31","click":true},
{"id":1,"name":"松鼠资源(切)","url":"https://m3u8.songshuzy.com/api.php/provide/vod/at/xml/","cate":"综艺,3&&动漫,4&&动作片,6&&喜剧片,7&&爱情片,8&&科幻片,9&&恐怖片,10&&悬疑片,11&&剧情片,12&&战争片,20&&纪录片,21&&动画片,23&&其他片,24&&国产剧,25&&港台剧,26&&日韩剧,27&&欧美剧,28&&其他剧,29&&大陆综艺,30&&港台综艺,31&&日韩综艺,32&&欧美综艺,33&&国产动漫,34&&日韩动漫,35&&欧美动漫,36","click":true},
{"id":1,"name":"FOX资源(切)","url":"https://api.foxzyapi.com/api.php/provide/vod/at/xml/","cate":"犯罪片,1&&纪录片,2&&动漫片,3&&动作片,4&&喜剧片,5&&爱情片,6&&科幻片,7&&恐怖片,8&&剧情片,9&&战争片,10&&台湾剧,32&&国产剧,33&&韩国剧,34&&香港剧,35&&欧美剧,36&&日本剧,37&&其他剧,38&&日韩综艺,40&&大陆综艺,41&&港台综艺,42&&欧美综艺,43&&国产动漫,45&&日本动漫,46&&欧美动漫,47&&海外动漫,48","click":true},
{"id":1,"name":"量子资源(切)","url":"http://cj.lziapi.com/api.php/provide/vod/at/xml/","cate":"动作片,6&&喜剧片,7&&爱情片,8&&科幻片,9&&恐怖片,10&&剧情片,11&&战争片,12&&国产剧,13&&香港剧,14&&韩国剧,15&&欧美剧,16&&记录片,20&&台湾剧,21&&日本剧,22&&海外剧,23&&泰国剧,24&&大陆综艺,25&&港台综艺,26&&日韩综艺,27&&欧美综艺,28&&国产动漫,29&&日韩动漫,30&&欧美动漫,31&&港台动漫,32&&海外动漫,33","click":true},
{"id":1,"name":"神速资源(切)","url":"https://api.sszyapi.com/api.php/provide/vod/at/xml/","cate":"电影,1&&动漫,4&&动作片,6&&喜剧片,7&&爱情片,8&&科幻片,9&&恐怖片,10&&犯罪片,11&&战争片,12&&国产剧,13&&香港剧,14&&台湾剧,15&&美国剧,16&&动漫片,20&&纪录片,21&&剧情片,22&&韩国剧,23&&日本剧,24&&海外剧,25&&大陆综艺,26&&日韩综艺,27&&港台综艺,28&&欧美综艺,29&&国产动漫,30&&欧美动漫,31&&日本动漫,32&&海外动漫,33&&电影解说,37&&奇幻片,38&&灾难片,39&&悬疑片,41&&泰国剧,43","click":true},
{"id":1,"name":"卧龙资源(切)","url":"https://collect.wolongzyw.com/api.php/provide/vod/at/xml/","cate":"动作片,5&&喜剧片,6&&爱情片,7&&科幻片,8&&恐怖片,9&&剧情片,10&&战争片,11&&国产剧,12&&香港剧,13&&韩国剧,14&&欧美剧,15&&台湾剧,16&&日本剧,17&&海外剧,18&&记录片,22&&短片,23&&动画片,24&&国产动漫,25&&欧美动漫,26&&日本动漫,27&&港台综艺,30&&韩国综艺,31&&大陆综艺,32&&泰国剧,33&&欧美综艺,37&&电影解说,38&&惊悚片,39&&家庭片,42&&古装片,43&&历史片,44&&悬疑片,45&&犯罪片,46","click":true},
{"id":1,"name":"樱花资源(切)","url":"https://m3u8.apiyhzy.com/api.php/provide/vod/at/xml/","cate":"动作片,6&&喜剧片,7&&爱情片,8&&科幻片,9&&恐怖片,10&&剧情片,11&&战争片,12&&国产剧,13&&香港剧,14&&台湾剧,15&&韩国剧,16&&犯罪片,20&&纪录片,21&&动画电影,22&&日本剧,23&&欧美剧,24&&海外剧,25&&大陆综艺,26&&日韩综艺,27&&港台综艺,28&&欧美综艺,29&&国产动漫,30&&日本动漫,31&&欧美动漫,32&&海外动漫,33","click":true},
{"id":1,"name":"想看资源(切)","url":"https://m3u8.xiangkanapi.com/api.php/provide/vod/at/xml/","cate":"犯罪片,1&&纪录片,2&&动漫片,3&&动作片,4&&喜剧片,5&&爱情片,6&&科幻片,7&&恐怖片,8&&剧情片,9&&战争片,10&&连续剧,31&&台湾剧,32&&国产剧,33&&韩国剧,34&&香港剧,35&&欧美剧,36&&日本剧,37&&其他剧,38&&综艺,39&&日韩综艺,40&&大陆综艺,41&&港台综艺,42&&欧美综艺,43&&国产动漫,45&&日本动漫,46&&欧美动漫,47&&海外动漫,48","click":true},
{"id":1,"name":"酷点资源(切)","url":"https://kudianzy.com/api.php/provide/vod/at/xml/","cate":"动作片,6&&喜剧片,7&&爱情片,8&&科幻片,9&&恐怖片,10&&剧情片,11&&战争片,12&&国产剧,13&&港澳剧,14&&日剧,15&&欧美剧,16&&台湾剧,20&&韩剧,21&&泰剧,22&&纪录片,24&&动漫电影,25&&MV专区,29&&大陆综艺,30&&日韩综艺,31&&港台综艺,32&&欧美综艺,33&&国产动漫,34&&日韩动漫,35&&欧美动漫,36&&音乐MV,37","click":true},
{"id":1,"name":"速更资源(切)","url":"https://sugengzy.cn/api.php/provide/vod/at/xml/","cate":"动作片,6&&喜剧片,7&&爱情片,8&&科幻片,9&&恐怖片,10&&剧情片,11&&战争片,12&&国产剧,13&&香港剧,14&&台湾剧,15&&美国剧,16&&纪录片,21&&悬疑片,22&&动画片,23&&犯罪片,24&&奇幻片,25&&韩国剧,26&&日本剧,27&&海外剧,28&&泰剧,29&&大陆综艺,30&&日韩综艺,31&&港台综艺,32&&欧美综艺,33&&国产动漫,34&&日韩动漫,35&&欧美动漫,36&&邵氏电影,37","click":true},
{"id":1,"name":"闪电资源(切)","url":"http://sdzyapi.com/api.php/provide/vod/at/xml/","cate":"动作片,6&&喜剧片,7&&爱情片,8&&科幻片,9&&恐怖片,10&&剧情片,11&&战争片,12&&国产剧,13&&欧美剧,14&&韩剧,15&&日剧,16&&港剧,17&&台剧,18&&泰剧,19&&纪录片,20&&悬疑片,21&&犯罪片,22&&海外剧,23&&大陆综艺,25&&国产动漫,29&&日韩动漫,30&&欧美动漫,31&&冒险片,38&&动画片,39&&惊悚片,40&&奇幻片,43&&港台动漫,44&&海外动漫,45&&演唱会,47&&体育赛事,48","click":true},
{"id":1,"name":"光速资源(切)","url":"https://api.guangsuapi.com/api.php/provide/vod/at/xml/","cate":"综艺,3&&动漫,4&&动作片,6&&喜剧片,7&&爱情片,8&&科幻片,9&&剧情片,10&&恐怖片,11&&战争片,12&&大陆剧,13&&欧美剧,14&&港澳剧,15&&韩剧,16&&动漫电影,20&&日剧,21&&台湾剧,22&&泰剧,23&&记录片,24","click":true},
{"id":1,"name":"新浪资源(切)","url":"http://api.xinlangapi.com/xinlangapi.php/provide/vod/at/xml/","cate":"动漫,3&&综艺,4&&纪录片,5&&动作片,6&&爱情片,7&&科幻片,8&&战争片,9&&剧情片,10&&恐怖片,11&&喜剧片,12&&大陆剧,13&&港澳剧,14&&台湾剧,15&&欧美剧,16&&动漫电影,17&&韩剧,18&&日剧,20&&泰剧,21","click":true},
{"id":1,"name":"鱼乐资源(切)","url":"https://api.ylzy1.com/api.php/provide/vod/at/xml/","cate":"动作片,2&&喜剧片,3&&爱情片,4&&科幻片,5&&恐怖片,6&&剧情片,7&&战争片,8&&纪录片,9&&悬疑片,10&&犯罪片,11&&动画片,12&&奇幻片,13&&国产剧,15&&香港剧,16&&台湾剧,17&&美国剧,18&&韩国剧,19&&日本剧,20&&大陆综艺,22&&日韩综艺,23&&港台综艺,24&&欧美综艺,25&&国产动漫,27&&日韩动漫,28&&欧美动漫,29","click":true},
{"id":1,"name":"韩剧资源(切)","url":"http://www.hanjuzy.com/inc/api.php","cate":"综艺,3&&动漫,4&&动作片,5&&喜剧片,6&&爱情片,7&&科幻片,8&&恐怖片,9&&剧情片,10&&战争片,11&&犯罪片,12&&记录片,13&&国产剧,14&&香港剧,15&&台湾剧,16&&日本剧,17&&韩国剧,18&&泰国剧,19&&欧美剧,20&&海外剧,21","click":true},
{"id":1,"name":"快播资源(切)","url":"http://www.kuaibozy.com/api.php/provide/vod/at/xml/","cate":"综艺,3&&动漫,4&&动作片,6&&喜剧片,7&&爱情片,8&&科幻片,9&&恐怖片,10&&剧情片,11&&战争片,12&&国产剧,13&&港台剧,14&&日韩剧,15&&欧美剧,16&&泰剧,20&&纪录片,21","click":true},
{"id":1,"name":"八戒资源(切)","url":"http://cj.bajiecaiji.com/inc/api.php","cate":"动作片,5&&喜剧片,6&&爱情片,7&&科幻片,8&&恐怖片,9&&奇幻片,10&&剧情片,11&&国产剧,12&&香港剧,13&&台湾剧,14&&韩国剧,15&&日本剧,16&&欧美剧,17&&微电影,19&&海外剧,42&&港台综艺,98&&国外综艺,97&&大陆综艺,96&&国产动漫,91&&日本动漫,92&&欧美动漫,93&&其他动漫,94&&纪录片,99&&动画片,100&&战争片,101","click":true},
{"id":1,"name":"百度资源(切)","url":"https://api.apibdzy.com/api.php/provide/vod/at/xml/","cate":"动作片,6&&喜剧片,7&&爱情片,8&&科幻片,9&&恐怖片,10&&剧情片,11&&战争片,12&&大陆剧,13&&港澳剧,14&&韩剧,15&&日剧,16&&纪录片,17&&犯罪片,18&&动画电影,20&&台湾剧,21&&欧美剧,22&&其他剧,23&&泰剧,24&&大陆综艺,25&&国产动漫,29&&日韩动漫,30&&欧美动漫,31&&悬疑片,32","click":true},
{"id":1,"name":"乐多资源(切)","url":"http://cj.leduocaiji.com/inc/api.php","cate":"综艺,3&&动作片,5&&喜剧片,6&&爱情片,7&&科幻片,8&&恐怖片,9&&剧情片,10&&战争片,11&&国产剧,12&&港剧,13&&日剧,14&&欧美剧,15&&台剧,16&&韩剧,17&&其他动漫,26&&海外剧,21&&纪录片,22&&国产动漫,23&&日本动漫,24&&欧美动漫,25&&动画电影,27","click":true},
{"id":1,"name":"南国影源(切)","url":"http://api.nguonphim.tv/api.php/provide/vod/at/xml/","cate":"PhimLẻ,1&&PhimBộ,2&&TVShow,3&&HoạtHình,4&&TrungQuốc,13&&Hồngkông,14&&ĐàiLoan,15&&ÂuMỹ,16&&HànQuốc,22&&NhậtBản,23&&Tháilan,25&&QuốcGiaKhác,26","click":true},
{"id":1,"name":"U酷资源(优)","url":"https://api.ukuapi.com/api.php/provide/vod/at/xml/","cate":"综艺,3&&动漫,4&&动作片,6&&喜剧片,7&&爱情片,8&&科幻片,9&&恐怖片,10&&剧情片,11&&战争片,12&&国产剧,13&&港澳剧,14&&日剧,15&&欧美剧,16&&动漫电影,20&&台湾剧,21&&韩剧,22&&泰剧,23&&记录片,24","click":true},
{"id":1,"name":"789盘(优)","url":"https://www.rrvipw.com/api.php/provide/vod/at/xml/","cate":"电视剧,2&&综艺,3&&动漫,4&&动作片,6&&喜剧片,7&&爱情片,8&&科幻片,9&&恐怖片,10&&剧情片,11&&战争片,12&&国产剧,13&&港台剧,14&&日韩剧,15&&欧美剧,16&&犯罪片,20&&国产动漫,21&&日本动漫,22&&欧美动漫,23&&大陆综艺,26&&纪录片,27","click":true},
{"id":1,"name":"旋风云(优)","url":"http://appimg.ssxmall.cn/api.php/provide/vod/at/xml/","cate":"综艺,3&&动漫,4&&动作片,6&&喜剧片,7&&爱情片,8&&科幻片,9&&恐怖片,10&&剧情片,11&&战争片,12&&国产剧,13&&港台剧,14&&日韩剧,15&&欧美剧,16","click":true},
{"id":1,"name":"XYUI(优)","url":"http://jx4.xyui.top:7001/api.php/provide/vod/at/xml/","cate":"电影,1&&连续剧,2&&综艺,3&&动漫,4&&动作片,6&&喜剧片,7&&爱情片,8&&科幻片,9&&恐怖片,10&&剧情片,11&&战争片,12&&国产剧,13&&港台剧,14&&日韩剧,15&&欧美剧,16","click":true},
{"id":1,"name":"ASMR(优)","url":"http://www.asmr19.in/api.php/provide/vod/at/xml/","cate":"asmr,23","click":true},
{"id":1,"name":"饭后电影(优)","url":"http://yinliub.cn/api.php/provide/vod/at/xml/","cate":"电影,1&&连续剧,2&&综艺,3&&动漫,4&&4K资源,20&&海外剧,21&&预告片,22","click":true},
{"id":1,"name":"考拉TV(优)","url":"https://ikaola.tv/api.php/provide/vod/at/xml/","cate":"电影,1&&连续剧,2&&综艺,3&&动漫,4&&动作,6&&喜剧,7&&爱情,8&&科幻,9&&恐怖,10&&剧情,11&&战争,12&&国产,13&&港台,14&&日韩,15&&欧美,16&&惊悚,20&&犯罪,21&&冒险,22&&悬疑,23&&动画,24&&武侠,25&&奇幻,26&&记录,27&&国产综艺,35&&港台综艺,36&&欧美综艺,37&&国产动漫,38&&日韩动漫,39&&欧美动漫,40&&日韩综艺,41&&海外,42","click":true},
{"id":1,"name":"段友影视(优)","url":"http://shangjihuoke.com/api.php/provide/vod/at/xml/","cate":"电影,1&&连续剧,2&&综艺,3&&动漫,4&&B站,31","click":true},
{"id":1,"name":"51看剧(优)","url":"http://51kanju.cn/api.php/provide/vod/at/xml/","cate":"在线电影,1&&电视剧,2&&综艺节目,3&&樱花动漫,4&&动作片,6&&喜剧电影,7&&爱情片,8&&科幻电影,9&&恐怖片,10&&剧情片,11&&战争片,12&&国产剧,13&&港台剧,14&&日韩剧,16&&犯罪片,20&&动画电影,21&&纪录片,22&&美剧,24&&泰剧,25&&大陆综艺,26&&港台综艺,27&&日韩综艺,28&&欧美综艺,29&&国产动漫,30&&日韩动漫,31&&欧美动漫,32&&海外动漫,33","click":true},
{"id":1,"name":"每天看看(优)","url":"http://47.113.126.237:1234/api.php/provide/vod/at/xml/","cate":"电影,1&&连续剧,2&&综艺,3&&动漫,4&&动作片,6&&喜剧片,7&&爱情片,8&&科幻片,9&&恐怖片,10&&剧情片,11&&战争片,12&&国产剧,13&&港台剧,14&&日韩剧,15&&欧美剧,16&&犯罪片,20&&奇幻片,21&&悬疑片,22&&惊悚片,23&&其他剧,25&&泰国剧,26&&纪录片,27&&武侠片,29&&国产动漫,30&&日韩动漫,31&&欧美动漫,32&&大陆综艺,35&&港台综艺,36&&日韩综艺,37&&欧美综艺,38&&国创,40&&番剧,41&&B站资源,42&&少儿,43","click":true},
{"id":1,"name":"一拳动漫(优)","url":"http://47.97.68.224/api.php/provide/vod/at/xml/","cate":"动漫,20&&番剧,21&&国创,22&&电影,23&&电视剧,24&&综艺,25&&纪录片,26","click":true},
{"id":1,"name":"乐活影视(优)","url":"https://lehootv.com/api.php/provide/vod/at/xml/","cate":"电影,1&&综艺,3&&动漫,4&&动作片,6&&喜剧片,7&&爱情片,8&&科幻片,9&&恐怖片,10&&剧情片,11&&战争片,12&&国产剧,13&&港剧,14&&日剧,15&&美剧,16&&台剧,20&&韩剧,21&&泰剧,22&&海外剧,23&&记录片,27&&动画片,28&&游戏,29&&大陆综艺,32&&港台综艺,33&&欧美综艺,34&&日韩综艺,35&&国产动漫,36&&日本动漫,37&&港台动漫,38&&欧美动漫,39&&奇幻片,43&&短视频,45&&音乐MV,46&&搞笑,47&&WWE摔跤娱乐,57&&赛车,58&&UFC终极格斗,59&&网球,60&&篮球,61&&足球,62&&自行车,63&&棒球,64&&摩托车,65&&橄榄球,66&&MMA综合格斗,67&&高尔夫,68&&台球,69&&拳击,70","click":true},
{"id":1,"name":"筋斗云(优)","url":"https://tv.jindcloud.com/api.php/provide/vod/at/xml/","cate":"电影,1&&连续剧,2&&综艺,3&&动漫,4","click":true},
{"id":1,"name":"影图(聚)","url":"https://cj.vodimg.top/api.php/provide/vod/at/xml/","cate":"电影,1&&连续剧,2&&综艺,3&&动漫,4&&动作片,6&&喜剧片,7&&爱情片,8&&科幻片,9&&恐怖片,10&&剧情片,11&&战争片,12&&国产剧,13&&港台剧,14&&日韩剧,15&&欧美剧,16","click":true},
{"id":1,"name":"美剧星球","url":"https://www.meijuxq.tv/inc/api.php","cate":"美剧片库,2&&魔幻/科幻,17&&灵异/惊悚,18&&都市/情感,19&&犯罪/历史,20&&动漫/卡通,21&&综艺/记录,22&&电影,1","click":true},
{"id":1,"name":"天天影视(聚)","url":"http://tt2022.ga/api.php/provide/vod/at/xml/","cate":"电影,1&&连续剧,2&&综艺,3&&动漫,4&&动作片,6&&喜剧片,7&&爱情片,8&&科幻片,9&&恐怖片,10&&剧情片,11&&战争片,12&&国产剧,13&&港台剧,14&&日韩剧,15&&欧美剧,16&&国产,25&&精品,26&&日韩,27&&剧情精品,28","click":true},
{"id":1,"name":"随缘电影(聚)","url":"https://baobei666.com/inc/api.php","cate":"综艺,18&&动漫,4&&动作片,5&&喜剧片,6&&爱情片,7&&科幻片,8&&恐怖片,9&&剧情片,10&&战争片,11&&国产剧,12&&港台剧,13&&日韩剧,14&&欧美剧,15&&足球,20&&篮球,21&&WWE/格斗,22&&其他综合,23&&赛车,24&&海外剧,27&&泰国剧,28&&电影解说,29","click":true},
{"id":1,"name":"39影视(聚)","url":"https://www.39kan.com/api.php/provide/vod/at/xml/","cate":"综艺,3&&动漫,4&&动作片,6&&喜剧片,7&&爱情片,8&&科幻片,9&&恐怖片,10&&剧情片,11&&战争片,12&&国产剧,13&&港台剧,14&&日韩剧,15&&欧美剧,16","click":true},
{"id":1,"name":"剧大神(聚)","url":"http://judashen.com/api.php/provide/vod/at/xml/","cate":"电影,1&&电视剧,2&&综艺,3&&动漫,4","click":true},
{"id":1,"name":"橘猫影视(聚)","url":"http://www.zitv.cc/api.php/provide/vod/at/xml/","cate":"动作片,6&&喜剧片,7&&爱情片,8&&科幻片,9&&恐怖片,10&&剧情片,11&&战争片,12&&国产剧,13&&香港剧,14&&台湾剧,15&&欧美剧,16&&韩国剧,20&&日本剧,21&&海外剧,22&&纪录片,24&&动画片,25&&泰国剧,26","click":true},
{"id":1,"name":"速影(聚)","url":"https://速影128.xyz/inc/api.php","cate":"综艺,3&&动漫,4&&动作片,5&&喜剧片,6&&爱情片,7&&科幻片,8&&恐怖片,9&&剧情片,10&&战争片,11&&国产剧,12&&纪录片,20&&海外剧,21&&欧美剧,15&&日本剧,16&&韩国剧,17&&香港剧,18&&台湾剧,19","click":true},
{"id":1,"name":"飘花电影(聚)","url":"http://www.zzrhgg.com/api.php/provide/vod/at/xml/","cate":"电影,1&&电视剧,2&&综艺,3&&动漫,4&&动作片,6&&喜剧片,7&&爱情片,8&&科幻片,9&&恐怖片,10&&剧情片,11&&战争片,12&&国产剧,13&&港台剧,14&&日韩剧,15&&欧美剧,16","click":true},
{"id":1,"name":"快看客栈(聚)","url":"https://www.vp1127.com/api.php/provide/vod/at/xml/","cate":"电影,1&&剧集,2&&综艺,3&&动漫,4","click":true},
{"id":1,"name":"网民电影(聚)","url":"https://www.prinevillesda.org/api.php/provide/vod/at/xml/","cate":"电影,1&&连续剧,2&&综艺,3&&动漫,4&&动作片,6&&喜剧片,7&&爱情片,8&&科幻片,9&&恐怖片,10&&剧情片,11&&战争片,12&&国产剧,13&&港台剧,14&&日韩剧,15&&欧美剧,16&&台湾剧,20&&日剧,21&&海外剧,22&&纪录片,23&&微电影,24","click":true},
{"id":1,"name":"MBO影视(聚)","url":"https://www.mbomovie.com/api.php/provide/vod/at/xml/","cate":"综艺,3&&动作片,6&&喜剧片,7&&爱情片,8&&科幻片,9&&恐怖片,10&&剧情片,11&&战争片,12&&国产剧,13&&台湾剧,14&&韩国剧,15&&欧美剧,16&&香港剧,20&&日本剧,21&&海外剧,22&&港台综艺,23&&欧美综艺,24&&内地综艺,25&&纪录片,26&&动画片,27&&国产动漫,28&&日韩动漫,29&&欧美动漫,30&&港台动漫,31&&海外动漫,32&&动漫电影,33&&日韩综艺,35&&泰国剧,36&&犯罪片,37","click":true},
{"id":1,"name":"兔子窝(聚)","url":"http://cj.huimaojia.com:12345/api.php/provide/vod/at/xml/","cate":"电影,1&&连续剧,2&&综艺,3&&动漫,4","click":true},
{"id":1,"name":"酷猫影视(聚)","url":"https://www.pgcms10.com/api.php/provide/vod/at/xml/","cate":"动画片在线观看,4&&劲爆动作片,6&&未来科幻电影,7&&唯美爱情电影,8&&大场面战争片,9&&小众剧情电影,10&&惊悚鬼片,11&&搞笑喜剧,12&&国产电视剧,13&&欧美电视剧,14&&日韩电视剧,15&&港台电视剧,16","click":true},
{"id":1,"name":"胖猫影视(聚)","url":"http://www.pangmaotv.com/api.php/provide/vod/at/xml/","cate":"电影,1&&电视剧,2&&综艺,3&&动漫,4&&韩剧,20&&美剧,21","click":true},
{"id":1,"name":"海外电影(聚)","url":"https://www.200121.com/api.php/provide/vod/at/xml/","cate":"电影,1&&连续剧,2&&综艺,3&&动漫,4&&动作片,6&&喜剧片,7&&爱情片,8&&科幻片,9&&恐怖片,10&&剧情片,11&&战争片,12&&国产剧,13&&港台剧,14&&日韩剧,15&&欧美剧,16&&纪录片,24&&奇幻片,25&&泰国剧,26","click":true},
{"id":1,"name":"影视猫(萝卜)","url":"https://vip.wscyun.com/api.php/v1.vod?type=typeId&class=&area=&year=&by=&page=pageNum","detailUrl":"https://vip.wscyun.com/api.php/v1.vod/detail?vod_id=detailId","cate":"电影,1&&连续剧,2&&综艺,3&&二次元,4&&海外剧场,35&&4K专区,40","type":"json","click":true},
{"id":1,"name":"影视大全(萝卜)","url":"https://xc.xixi2yy.xyz/mogai_api.php/v1.vod?type=typeId&class=&area=&year=&by=&page=pageNum","detailUrl":"https://xc.xixi2yy.xyz/mogai_api.php/v1.vod/detail?vod_id=detailId","cate":"电影,38&&电视剧,39&&动漫,40&&综艺,41","type":"json","click":true},
{"id":1,"name":"影库(萝卜)","url":"https://yingkudy.com/lvdou_api.php/v1.vod?type=typeId&class=&area=&year=&by=&page=pageNum","detailUrl":"https://yingkudy.com/lvdou_api.php/v1.vod/detail?vod_id=detailId","cate":"电影,1&&电视剧,2&&综艺,3&&动漫,4&&哔哩哔哩,5&&海外专区,20","type":"json","click":true},
{"id":1,"name":"小鸟动漫(萝卜)","url":"http://xydm.baicai.buzz/mogai_api.php/v1.vod?type=typeId&class=&area=&year=&by=&page=pageNum","detailUrl":"http://xydm.baicai.buzz/mogai_api.php/v1.vod/detail?vod_id=detailId","cate":"日韩动漫,31&&国产动漫,32&&港台动漫,39&&欧美动漫,40&&其他地区,41","type":"json","click":true},
{"id":1,"name":"熊猫视频(萝卜)","url":"http://anegh.com/lvdou_api.php/v1.vod?type=typeId&class=&area=&year=&by=&page=pageNum","detailUrl":"http://anegh.com/lvdou_api.php/v1.vod/detail?vod_id=detailId","cate":"电影,1&&连续剧,2&&综艺,3&&动漫,4&&纪录片,29","type":"json","click":true},
{"id":1,"name":"寻常影视(萝卜)","url":"http://tv.91ymz.cn/mogai_api.php/v1.vod?type=typeId&class=&area=&year=&by=&page=pageNum","detailUrl":"http://tv.91ymz.cn/mogai_api.php/v1.vod/detail?vod_id=detailId","cate":"电影,1&&电视剧,2&&综艺,3&&动漫,4&&纪录片,5","type":"json","click":true},
{"id":1,"name":"蜗牛动漫(萝卜)","url":"http://woniudm.woniu.cyou:20000/mogai_api.php/v1.vod?type=typeId&class=&area=&year=&by=&page=pageNum","detailUrl":"http://woniudm.woniu.cyou:20000/mogai_api.php/v1.vod/detail?vod_id=detailId","cate":"动漫,31&&剧场&OVA,32","type":"json","click":true},
{"id":1,"name":"兔子窝(萝卜)","url":"http://cj.huimaojia.com:12345/mogai_api.php/v1.vod?type=typeId&class=&area=&year=&by=&page=pageNum","detailUrl":"http://cj.huimaojia.com:12345/mogai_api.php/v1.vod/detail?vod_id=detailId","cate":"电影,1&&连续剧,2&&综艺,3&&动漫,4","type":"json","click":true},
{"id":1,"name":"天天视频(萝卜)","url":"http://app.qianju.cc/api.php/v1.vod?type=typeId&class=&area=&year=&by=&page=pageNum","detailUrl":"http://app.qianju.cc/api.php/v1.vod/detail?vod_id=detailId","cate":"电影,1&&连续剧,2&&综艺,3&&动漫,4&&午夜剧场,61","type":"json","click":true},
{"id":1,"name":"沭阳影视(萝卜)","url":"http://zjr.jurentiaodeng.com/api.php/v1.vod?type=typeId&class=&area=&year=&by=&page=pageNum","detailUrl":"http://zjr.jurentiaodeng.com/api.php/v1.vod/detail?vod_id=detailId","cate":"电影,1&&连续剧,2&&综艺,3&&动漫,4","type":"json","click":true},
{"id":1,"name":"日诚影视(萝卜)","url":"http://tv.rcz168.com/api.php/v1.vod?type=typeId&class=&area=&year=&by=&page=pageNum","detailUrl":"http://tv.rcz168.com/api.php/v1.vod/detail?vod_id=detailId","cate":"电影,1&&连续剧,2&&综艺,3&&动漫,4&&直播,5","type":"json","click":true},
{"id":1,"name":"群鑫影视(萝卜)","url":"http://www.qunxinys.com/api.php/v1.vod?type=typeId&class=&area=&year=&by=&page=pageNum","detailUrl":"http://www.qunxinys.com/api.php/v1.vod/detail?vod_id=detailId","cate":"电影,1&&连续剧,2&&综艺,3&&动漫,4&&韩剧,29&&美剧,30","type":"json","click":true},
{"id":1,"name":"蒲公英视频(萝卜)","url":"http://www.pgy1.top/ruifenglb_api.php/v1.vod?type=typeId&class=&area=&year=&by=&page=pageNum","detailUrl":"http://www.pgy1.top/ruifenglb_api.php/v1.vod/detail?vod_id=detailId","cate":"电影,1&&连续剧,2&&综艺,3&&动漫,4","type":"json","click":true},
{"id":1,"name":"美剧迷(萝卜)","url":"http://mj.zjtv.cc/ruifenglb_api.php/v1.vod?type=typeId&class=&area=&year=&by=&page=pageNum","detailUrl":"http://mj.zjtv.cc/ruifenglb_api.php/v1.vod/detail?vod_id=detailId","cate":"美剧,3&&电影,29&&番剧,34&&动漫,38&&电视剧,37&&国内电影,40","type":"json","click":true},
{"id":1,"name":"流星影院(萝卜)","url":"http://app.216bk.xyz/api.php/v1.vod?type=typeId&class=&area=&year=&by=&page=pageNum","detailUrl":"http://app.216bk.xyz/api.php/v1.vod/detail?vod_id=detailId","cate":"电影,1&&连续剧,2&&综艺,3&&动漫,4","type":"json","click":true},
{"id":1,"name":"冷视TV(萝卜)","url":"https://len.tv/api.php/v1.vod?type=typeId&class=&area=&year=&by=&page=pageNum","detailUrl":"https://len.tv/api.php/v1.vod/detail?vod_id=detailId","cate":"电影,1&&连续剧,2&&综艺,3&&动漫,4&&足球,29","type":"json","click":true},
{"id":1,"name":"龙猫追剧(萝卜)","url":"https://lb.ybnxcx.com/api.php/v1.vod?type=typeId&class=&area=&year=&by=&page=pageNum","detailUrl":"https://lb.ybnxcx.com/api.php/v1.vod/detail?vod_id=detailId","cate":"电影,1&&连续剧,2&&综艺,3&&动漫,4","type":"json","click":true},
{"id":1,"name":"凌晨影视(萝卜)","url":"https://vip.wscyun.com/api.php/v1.vod?type=typeId&class=&area=&year=&by=&page=pageNum","detailUrl":"https://vip.wscyun.com/api.php/v1.vod/detail?vod_id=detailId","cate":"电影,1&&连续剧,2&&综艺,3&&二次元,4&&海外剧场,35&&4K专区,40","type":"json","click":true},
{"id":1,"name":"看看视频(萝卜)","url":"http://888.ccboke.top/ruifenglb_api.php/v1.vod?type=typeId&class=&area=&year=&by=&page=pageNum","detailUrl":"http://888.ccboke.top/ruifenglb_api.php/v1.vod/detail?vod_id=detailId","cate":"电影,1&&连续剧,2&&综艺,3&&动漫,4&&动画片,29","type":"json","click":true},
{"id":1,"name":"看剧吧(萝卜)","url":"http://app.ishen520.com/api.php/v1.vod?type=typeId&class=&area=&year=&by=&page=pageNum","detailUrl":"http://app.ishen520.com/api.php/v1.vod/detail?vod_id=detailId","cate":"电影,1&&电视剧,2&&综艺,3&&动漫,4","type":"json","click":true},
{"id":1,"name":"看吧VIP(萝卜)","url":"http://app.ppli.xyz/api.php/v1.vod?type=typeId&class=&area=&year=&by=&page=pageNum","detailUrl":"http://app.ppli.xyz/api.php/v1.vod/detail?vod_id=detailId","cate":"电影,1&&连续剧,2&&综艺,3&&动漫,4","type":"json","click":true},
{"id":1,"name":"橘子影视(萝卜)","url":"http://jz.juzidy.vip/mogai_api.php/v1.vod?type=typeId&class=&area=&year=&by=&page=pageNum","detailUrl":"http://jz.juzidy.vip/mogai_api.php/v1.vod/detail?vod_id=detailId","cate":"电影,1&&连续剧,2&&综艺,3&&动漫,4&&直播,5","type":"json","click":true},
{"id":1,"name":"极酷影视(萝卜)","url":"https://jiku.vip/mogai_api.php/v1.vod?type=typeId&class=&area=&year=&by=&page=pageNum","detailUrl":"https://jiku.vip/mogai_api.php/v1.vod/detail?vod_id=detailId","cate":"电影,1&&电视剧,2&&综艺,3&&动漫,4&&B站,20","type":"json","click":true},
{"id":1,"name":"筋斗云影视(萝卜)","url":"https://tv.jindcloud.com/api.php/v1.vod?type=typeId&class=&area=&year=&by=&page=pageNum","detailUrl":"https://tv.jindcloud.com/api.php/v1.vod/detail?vod_id=detailId","cate":"动漫,4&&综艺,3&&连续剧,2&&电影,1","type":"json","click":true},
{"id":1,"name":"百淘影视(萝卜)","url":"http://ys.58g8.com/lvdou_api.php/v1.vod?type=typeId&class=&area=&year=&by=&page=pageNum","detailUrl":"http://ys.58g8.com/lvdou_api.php/v1.vod/detail?vod_id=detailId","cate":"电影,1&&电视剧,2&&综艺,3&&动漫,4","type":"json","click":true},
{"id":1,"name":"阿里影视(萝卜)","url":"http://aliys.cn:90/api.php/v1.vod?type=typeId&class=&area=&year=&by=&page=pageNum","detailUrl":"http://aliys.cn:90/api.php/v1.vod/detail?vod_id=detailId","cate":"电影,1&&连续剧,2&&综艺,3&&动漫,4&&哔哩,30","type":"json","click":true},
{"id":1,"name":"爱电影(萝卜)","url":"https://www.idianying.com.cn/mogai_api.php/v1.vod?type=typeId&class=&area=&year=&by=&page=pageNum","detailUrl":"https://www.idianying.com.cn/mogai_api.php/v1.vod/detail?vod_id=detailId","cate":"电影,1&&电视剧,2&&综艺,3&&动漫,4","type":"json","click":true},
{"id":1,"name":"U5影视(萝卜)","url":"https://appx.uy07.com/api.php/v1.vod?type=typeId&class=&area=&year=&by=&page=pageNum","detailUrl":"https://appx.uy07.com/api.php/v1.vod/detail?vod_id=detailId","cate":"电影,1&&连续剧,2&&综艺,3&&动漫,4","type":"json","click":true},
{"id":1,"name":"OK影视(萝卜)","url":"http://123.ok00.xyz/api.php/v1.vod?type=typeId&class=&area=&year=&by=&page=pageNum","detailUrl":"http://123.ok00.xyz/api.php/v1.vod/detail?vod_id=detailId","cate":"电影,1&&连续剧,2&&综艺,3&&动漫,4&&直播,5","type":"json","click":true},
{"id":1,"name":"*523资源","url":"https://caiji.523zyw.com/inc/api.php","cate":"国产精品,1&&主播精选,2&&微拍福利,3&&日韩有码,4&&日韩无码,5&&欧美风情,6&&伦理综艺,7&&VR影院,8&&成人动漫,9&&VIP视频,10&&伦理三级片,16","click":true},
{"id":1,"name":"*丝袜资源","url":"https://siwazyw.cc/api.php/provide/vod/at/xml/","cate":"亚洲无码,1&&亚洲有码,2&&欧美情色,3&&中文字幕,4&&动漫卡通,5&&美女主播,20&&人妻熟女,21&&强奸乱伦,22&&日韩伦理,23&&国产自拍,24&&精选口爆,37&&同性同志,38&&重口味,39&&韩国主播,46&&JAV4K,47&&91大神,48&&网红福利,49&&国外热门资源,50&&Pornhub欧美资源,52&&Pornhub亚洲资源,53","click":true},
{"id":1,"name":"*芒果资源","url":"https://mgzyz1.com/api.php/provide/vod/at/xml/","cate":"中字馆,49&&欧美馆,50&&无码馆,51&&国产馆,56&&素人馆,63&&JAV馆,83&&动漫馆,84&&三级馆,85","click":true},
{"id":1,"name":"*乐鱼资源","url":"https://www.leyuzyapi.com/inc/api.php","cate":"国产自拍,1&&日本无码,2&&日本有码,3&&中文字幕,4&&欧美精品,5&&成人动漫,6&&三级伦理,7&&稀有另类,8","click":true},
{"id":1,"name":"*水蜜桃","url":"http://51smt4.xyz/api.php/provide/vod/at/xml/","cate":"无码,22&&中文,23&&欧美,24&&H动画,26&&国产,30","click":true},
{"id":1,"name":"*三级片资源","url":"https://caiji.jjjzy.cc/inc/api.php","cate":"[丝袜诱惑],48&&日韩三级,50&&港台三级,51&&[国产精品],45&&[嫖客日记],46&&[91大神],47","click":true},
{"id":1,"name":"*秀色资源","url":"https://api.xiuseapi.com/api.php/provide/vod/at/xml/","cate":"国产精品,1&&中文字幕,2&&欧美精品,3&&自拍偷拍,4&&日韩无码,6&&日韩有码,7&&动漫精品,8&&三级伦理,9&&人妻系列,10&&SM重口味,11&&小视频,20&&潮吹喷射,21&&高清专区,39&&高清华语,40&&精品资源,41","click":true},
{"id":1,"name":"*探探资源","url":"https://apittzy.com/api.php/provide/vod/at/xml/","cate":"精品推荐,1&&国产视频,2&&主播直播,3&&日本无码,4&&日本有码,5&&中文字幕,6&&巨乳美乳,7&&熟女人妻,8&&强奸乱伦,9&&欧美精品,10&&少女萝莉,11&&三级伦理,12&&成人动漫,13&&制服丝袜,34&&角色扮演,35&&口交颜射,36&&自拍偷拍,37","click":true},
{"id":1,"name":"*色猫资源","url":"https://api.maozyapi.com/inc/api.php","cate":"国产自拍,1&&日本无码,2&&日本有码,3&&中文字幕,4&&欧美精品,5&&成人动漫,6&&日本素人,7&&高清名优,8&&三级伦理,9&&网红主播,10&&映画传媒,11&&人妻熟女,12&&口爆颜射,13&&萝莉少女,14&&美乳巨乳,16&&短视频,17","click":true},
{"id":1,"name":"*草莓资源","url":"https://caiji.caomeiapi.com/inc/api.php","cate":"微拍福利,16&&国产热播,17&&优选主播,18&&经典剧情,19&&AV番号,20&&精彩时刻,21&&嫩妹福利,22&&网拍嫩模,23&&热门事件,24&&91大神,25&&国产原创,26&&国产主播,27&&日韩主播,28&&欧美主播,29&&港台剧情,30&&日韩剧情,31&&欧美剧情,32&&恐怖色情,33&&GIF车牌,34&&无码番号,35&&有码番号,36&&视觉VR,37&&动漫肉番,38&&VIP视频,39&&伦理三级片,41&&日本三级片,42&&港台三级片,43&&韩国三级片,44","click":true},
{"id":1,"name":"*爱看资源","url":"http://www.aikanzyz9.com/inc/api.php","cate":"国产精品,1&&偷拍自拍,2&&日本无码,3&&日本有码,4&&人妻制服,5&&中文字幕,6&&欧美精品,7&&卡通动漫,8&&三级伦理,9&&网红主播,10&&传媒映画,11&&口爆颜射,13&&萝莉少女,14&&SM调教,15&&美乳巨乳,16","click":true},
{"id":1,"name":"*花魁资源","url":"https://caiji.huakuiapi.com/inc/api.php","cate":"国产精品,1&&偷拍自拍,2&&日本无码,3&&日本有码,4&&人妻制服,5&&中文字幕,6&&欧美精品,7&&卡通动漫,8&&街头素人,9&&日本女优,11&&传媒精品,12&&颜射口爆,14&&萝莉少女,15&&SM调教,16&&三级伦理,18&&口爆颜射,19","click":true},
{"id":1,"name":"*葡萄资源","url":"https://api.putaozy.net/inc/api.php","cate":"国产情色,1&&自拍偷拍,2&&日本无码,3&&日本有码,4&&人妻熟女,5&&中文字幕,6&&欧美精品,7&&卡通动漫,8&&韩国主播,9&&伦理三级,10&&传媒原创,11&&口爆颜射,12&&岛国素人,13&&岛国女优,14&&萝莉少女,15&&重口调教,16&&美颜巨乳,17","click":true},
{"id":1,"name":"*色窝资源","url":"https://sewozyapi.com/api.php/provide/vod/at/xml/","cate":"视频一区,20&&视频二区,21&&视频三区,22&&国产情色,23&&主播直播,24&&动漫里番,25&&日韩综合,26&&欧美性爱,27&&中文字幕,28&&强奸乱伦,29&&制服黑丝,30&&巨乳美乳,31&&变态调教,32&&自拍偷拍,33&&熟女人妻,34&&日本无码,35&&日本有码,36&&少女萝莉,37&&三级伦理,38&&明星偶像,39&&美女模特,40&&AI换脸,41","click":true},
{"id":1,"name":"*淫窝资源","url":"https://api.yinwoapi.com/api.php/provide/vod/at/xml/","cate":"视频一区,20&&视频二区,21&&国产视频,22&&主播直播,23&&日本无码,24&&日本有码,25&&中文字幕,26&&巨乳美乳,27&&强奸乱伦,28&&欧美极品,29&&熟女人妻,30&&少女萝莉,31&&成人动漫,32&&制服诱惑,33&&变态调教,34&&自拍偷拍,35&&三级伦理,36&&明星偶像,37","click":true},
{"id":1,"name":"*色屌丝资源","url":"http://sdszyapi.com/home/cjapi/asbb/mc10/vod/xml","cate":"三级剧情,48300032&&日韩无码,47972352&&欧美无码,48168960&&中文字幕,48037888&&日韩有码,48103424&&国产自拍,48431104&&国产偷拍,48365568&&卡通动漫,48234496","click":true},
{"id":1,"name":"*小姐姐资源","url":"https://xjjzyapi.com/home/cjapi/askl/mc10/vod/xml","cate":"日韩无码,49676288&&欧美无码,49741824&&中文字幕,49807360&&日韩有码,49872896&&国产自拍,49938432&&国产偷拍,50003968&&卡通动漫,50069504&&三级剧情,50135040","click":true},
{"id":1,"name":"*52AVAV","url":"https://52zyapi.com/home/cjapi/asda/mc10/vod/xml","cate":"三级剧情,47710208&&日韩无码,47251456&&欧美无码,47316992&&中文字幕,47382528&&日韩有码,47448064&&国产自拍,47513600&&国产偷拍,47579136&&卡通动漫,47644672","click":true},
{"id":1,"name":"*我要啪啪","url":"http://www.caiji21.com/home/cjapi/klkl/mc10/vod/xml","cate":"欧美无码,88801280&&中文字幕,88866816&&日韩有码,88932352&&国产自拍,88997888&&国产偷拍,89063424&&卡通动漫,89128960&&三级剧情,89194496&&日韩无码,88735744","click":true},
{"id":1,"name":"*AV集中淫","url":"https://www.caiji22.com/home/cjapi/klp0/mc10/vod/xml","cate":"日韩有码,90963968&&国产自拍,91029504&&国产偷拍,91095040&&卡通动漫,91160576&&三级剧情,91226112&&日韩无码,90767360&&欧美无码,90832896&&中文字幕,90898432","click":true},
{"id":1,"name":"*夜夜撸资源","url":"https://www.caiji23.com/home/cjapi/kls6/mc10/vod/xml","cate":"日韩无码,92733440&&欧美无码,92798976&&中文字幕,92864512&&日韩有码,92930048&&国产自拍,92995584&&国产偷拍,93061120&&卡通动漫,93126656&&三级剧情,93192192","click":true},
{"id":1,"name":"*大屌丝资源","url":"http://www.caiji24.com/home/cjapi/p0d2/mc10/vod/xml","cate":"中文字幕,95158272&&日韩有码,95223808&&卡通动漫,95289344&&三级剧情,95354880&&国产自拍,94830592&&国产偷拍,94896128&&日韩无码,95027200&&欧美无码,95092736","click":true},
{"id":1,"name":"*咪咪资源","url":"http://www.caiji25.com/home/cjapi/p0as/mc10/vod/xml","cate":"三级剧情,97320960&&日韩无码,96862208&&欧美无码,96927744&&中文字幕,96993280&&日韩有码,97058816&&国产自拍,97124352&&国产偷拍,97189888&&卡通动漫,97255424","click":true},
{"id":1,"name":"*鲍鱼AV","url":"http://caiji26.com/home/cjapi/p0g8/mc10/vod/xml","cate":"国产偷拍,98893824&&卡通动漫,98959360&&三级剧情,99024896&&日韩无码,98566144&&欧美无码,98631680&&中文字幕,98697216&&日韩有码,98762752&&国产自拍,98828288","click":true},
{"id":1,"name":"*精工厂资源","url":"https://jgczyapi.com/home/cjapi/kld2/mc10/vod/xml","cate":"欧美无码,67698688&&中文字幕,67764224&&日韩有码,67829760&&卡通动漫,67895296&&三级剧情,67960832&&国产自拍,67567616&&国产偷拍,68354048&&日韩无码,67633152","click":true},
{"id":1,"name":"*点点娱乐","url":"https://xx55zyapi.com/home/cjapi/ascf/mc10/vod/xml","cate":"日韩无码,50200576&&欧美无码,50266112&&中文字幕,50331648&&日韩有码,50397184&&国产自拍,50462720&&国产偷拍,50528256&&卡通动漫,50593792&&三级剧情,50659328","click":true},
{"id":1,"name":"*大MM资源","url":"https://www.dmmapi.com/home/cjapi/asd2c7/mc10/vod/xml","cate":"中文字幕,106954752&&日韩有码,107020288&&国产自拍,107085824&&国产偷拍,107151360&&卡通动漫,107216896&&三级剧情,107282432&&日韩无码,106823680&&欧美无码,106889216","click":true},
{"id":1,"name":"*老司鸡资源","url":"https://www.lsjapi.com/home/cjapi/asd2g8/mc10/vod/xml","cate":"国产自拍,106364928&&国产偷拍,106430464&&卡通动漫,106496000&&三级剧情,106561536&&日韩无码,106102784&&欧美无码,106168320&&中文字幕,106233856&&日韩有码,106299392","click":true},
{"id":1,"name":"*黄瓜TV资源","url":"https://www.caiji10.com/home/cjapi/cfs6/mc10/vod/xml","cate":"卡通动漫,86638592&&三级剧情,86704128&&日韩无码,86245376&&欧美无码,86310912&&中文字幕,86376448&&日韩有码,86441984&&国产自拍,86507520&&国产偷拍,86573056","click":true},
{"id":1,"name":"*快播盒子资源","url":"https://www.caiji09.com/home/cjapi/cfp0/mc10/vod/xml","cate":"国产自拍,84672512&&国产偷拍,84738048&&卡通动漫,84803584&&三级剧情,84869120&&日韩无码,84410368&&欧美无码,84475904&&中文字幕,84541440&&日韩有码,84606976","click":true},
{"id":1,"name":"*大香蕉资源","url":"https://www.caiji08.com/home/cjapi/cfkl/mc10/vod/xml","cate":"国产偷拍,82903040&&卡通动漫,82968576&&三级剧情,83034112&&日韩无码,82575360&&欧美无码,82640896&&中文字幕,82706432&&日韩有码,82771968&&国产自拍,82837504","click":true},
{"id":1,"name":"*日本AV在线","url":"https://www.caiji07.com/home/cjapi/cfcf/mc10/vod/xml","cate":"日韩无码,80871424&&欧美无码,80936960&&中文字幕,81002496&&日韩有码,81068032&&国产自拍,81133568&&国产偷拍,81199104&&卡通动漫,81264640&&三级剧情,81330176","click":true},
{"id":1,"name":"*久久热在线","url":"https://www.caiji06.com/home/cjapi/cfbb/mc10/vod/xml","cate":"国产自拍,79429632&&国产偷拍,79495168&&卡通动漫,79560704&&三级剧情,79626240&&日韩无码,79167488&&欧美无码,79233024&&中文字幕,79298560&&日韩有码,79364096","click":true},
{"id":1,"name":"*青青草视频","url":"https://www.caiji05.com/home/cjapi/cfda/mc10/vod/xml","cate":"国产自拍,77594624&&国产偷拍,77660160&&卡通动漫,77725696&&三级剧情,77791232&&日韩无码,77332480&&欧美无码,77398016&&中文字幕,77463552&&日韩有码,77529088","click":true},
{"id":1,"name":"*麻豆视频","url":"https://www.caiji04.com/home/cjapi/cfc7/mc10/vod/xml","cate":"国产自拍,75759616&&国产偷拍,75825152&&卡通动漫,75890688&&三级剧情,75956224&&日韩无码,75497472&&欧美无码,75563008&&中文字幕,75628544&&日韩有码,75694080","click":true},
{"id":1,"name":"*一本道资源","url":"https://www.caiji03.com/home/cjapi/cfg8/mc10/vod/xml","cate":"国产自拍,73924608&&国产偷拍,73990144&&卡通动漫,74055680&&三级剧情,74121216&&日韩无码,73662464&&欧美无码,73728000&&中文字幕,73793536&&日韩有码,73859072","click":true},
{"id":1,"name":"*草榴视频","url":"https://www.caiji02.com/home/cjapi/cfas/mc10/vod/xml","cate":"欧美无码,71892992&&中文字幕,71958528&&日韩有码,72024064&&国产自拍,72089600&&国产偷拍,72155136&&卡通动漫,72220672&&三级剧情,72286208&&日韩无码,71827456","click":true},
{"id":1,"name":"*亚洲成人在线","url":"https://www.caiji01.com/home/cjapi/cfd2/mc10/vod/xml","cate":"日韩有码,70189056&&国产自拍,70254592&&国产偷拍,70320128&&卡通动漫,70385664&&三级剧情,70451200&&日韩无码,69992448&&欧美无码,70057984&&中文字幕,70123520","click":true},
{"id":1,"name":"*天噜啦资源","url":"http://www.987caiji.com/api/max.php","cate":"电影频道,1&&日韩女优,5&&欧美激情,6&&偷拍自拍,4&&成人动漫,8&&经典三级,7&&强奸乱伦,9&&变态另类,10&&制服丝袜,11&&激情3P,12&&中文字幕,31&&打飞机,32&&美腿控足,33&&按摩推油,34&&唯美精品,35&&唯美自慰,36","click":true},
{"id":1,"name":"*99资源","url":"http://99zy.pw/api.php/provide/vod/at/xml/","cate":"在線視頻,20&&女优资源,21&&番号资源,22&&快乐看片,23","click":true},
{"id":1,"name":"*010爱资源","url":"http://www.010aizy.com/API/macs.php","cate":"电影频道,1&&日韩女优,5&&欧美激情,6&&偷拍自拍,4&&成人动漫,8&&经典三级,7&&强奸乱伦,9&&变态另类,10&&制服丝袜,11&&激情3P,12&&中文字幕,31&&打飞机,32&&美腿控足,33&&按摩推油,34&&唯美精品,35&&唯美自慰,36","click":true},
{"id":1,"name":"*抖阴视频","url":"https://www.888dav.com/api.php/provide/vod/at/xml/","cate":"91视频,11","click":true},
{"id":1,"name":"*麻豆视频2","url":"https://madouse.la/api.php/provide/vod/at/xml/","cate":"原创,1","click":true},
{"id":1,"name":"*91麻豆","url":"https://91md.me/api.php/provide/vod/at/xml/","cate":"麻豆视频,1&&91制片厂,2&&天美传媒,3&&蜜桃传媒,4&&皇家华人,5&&星空传媒,6&&精东影业,7&&乐播传媒,8&&乌鸦传媒,10&&兔子先生,20&&杏吧原创,21&&玩偶姐姐,22&&mini传媒,23&&大象传媒,24&&开心鬼传媒,25&&PsychoPorn,26&&糖心Vlog,27","click":true},
{"id":1,"name":"*爱操资源","url":"https://aicaozy.com/api.php/provide/vod/at/xml/","cate":"","click":true},
{"id":1,"name":"*浪潮资源","url":"http://langchaozy6.com/api.php/provide/vod/at/xml/","cate":"","click":true},
{"id":1,"name":"*速播资源","url":"https://api.suboapi.com/api.php/provide/vod/at/xml/","cate":"国产自拍,1&&亚洲有码,2&&主播大秀,13&&亚洲无码,14&&欧美激情,15&&中文字幕,16&&成人动漫,20&&三级伦理,21&&日韩经典,22","click":true},
{"id":1,"name":"*酷豆资源","url":"https://kudouzy.com/api.php/provide/vod/at/xml/","cate":"国产自拍,1&&日本有码,2&&国产传媒,13&&日本无码,14&&欧美激情,15&&中文字幕,16&&成人动漫,20&&三级伦理,21&&解说AV,22&&美女写真,29","click":true},
{"id":1,"name":"*酷豆2","url":"https://api.kdapi.info/api.php/provide/vod/at/xml/","cate":"国产自拍,1&&日本有码,2&&国产传媒,13&&日本无码,14&&欧美激情,15&&中文字幕,16&&成人动漫,20&&三级伦理,21&&解说AV,22&&美女写真,29","click":true},
{"id":1,"name":"*酷伦理","url":"https://api.kudian70.com/api.php/provide/vod/at/xml/","cate":"三级伦理,1","click":true},
{"id":1,"name":"*影库资源","url":"https://api.ykapi.net/api.php/provide/vod/at/xml/","cate":"三级伦理,20&&韩国伦理,22&&日本伦理,23&&香港伦理,24&&欧美伦理,25&&台湾伦理,26&&美女写真,28&&日本写真,29&&欧美写真,30","click":true},
{"id":1,"name":"*奶茶资源","url":"https://caiji.naichaapi.com/inc/api.php","cate":"微拍福利,16&&精彩时刻,17&&嫩妹福利,18&&网拍嫩模,19&&热门事件,20&&国产热播,21&&91大神,22&&国产原创,23&&优选主播,24&&国产主播,25&&日韩主播,26&&欧美主播,27&&经典剧情,28&&港台剧情,29&&日韩剧情,30&&欧美剧情,31&&恐怖色情,32&&AV番号,33&&GIF车牌,34&&无码番号,35&&有码番号,36&&视觉VR,37&&动漫肉番,38&&VIP视频,39&&伦理三级片,40&&港台三级片,41&&日韩三级片,42","click":true},
{"id":1,"name":"*爱播资源","url":"https://cj.apiabzy.com/api.php/provide/vod/at/xml/","cate":"国产精品,20&&主播直播,21&&日本无码,22&&日本有码,23&&欧美极品,24&&中文字幕,25&&强奸乱伦,26&&制服诱惑,27&&巨乳美乳,28&&少女萝莉,29&&变态另类,30&&三级伦理,31&&成人动漫,32&&自拍偷拍,36&&日韩综合,37&&编辑专用,38&&熟女人妻,39&&AI换脸,40&&海外明星,41","click":true},
{"id":1,"name":"*美少女资源","url":"https://www.msnii.com/api/xml.php","cate":"网红主播,20&&偷拍自拍,21&&麻豆原创,22&&国产精品,23&&名人明星,24&&网曝门事件,25&&无码专区,26&&有码专区,27&&福利姬,28&&娇妻素人,29&&强奸乱伦,30&&制服职场,31&&国模私拍,32&&抖阴视频,33&&狼友探花,35&&香港伦理,36&&欧美其他,37&&卡通动漫,38","click":true},
{"id":1,"name":"*淫水机资源","url":"https://www.xrbsp.com/api/xml.php","cate":"中文偷拍,20&&中文无码,21&&中文有码,22&&中文乱伦,23&&中文人妻,24&&中文强奸,25&&中文出轨,26&&中文制服,27&&中文群交,28&&欧美视频,29&&中文动画,30","click":true},
{"id":1,"name":"*香奶儿资源","url":"https://www.gdlsp.com/api/xml.php","cate":"无码国产,20&&无码偷拍,21&&无码人妻,22&&无码强奸,23&&无码乱伦,24&&无码学生,25&&无码巨乳,26&&无码自淫,27&&无码群交,28&&无码港台,29&&无码韩流,30&&无码变态,31&&无码动画,32","click":true},
{"id":1,"name":"*白嫖资源","url":"https://www.kxgav.com/api/xml.php","cate":"国产情色,20&&主播自拍,21&&人妻偷拍,22&&强奸乱伦,23&&亚洲无码,24&&亚洲有码,25&&中文字幕,26&&口交潮吹,27&&制服师生,28&&自慰群交,29&&三级伦理,30&&同性同志,31&&另类变态,32&&动漫卡通,33&&欧美视频,35&&人与动物,36&&精品推荐,37","click":true},
{"id":1,"name":"*小湿妹资源","url":"https://www.afasu.com/api/xml.php","cate":"国产精品,20&&网红主播,21&&明星门事件,22&&中文字幕,23&&破解视频,24&&亚洲情色,25&&日韩综合,26&&特色视频,27&&精品推荐,28&&变态SM,29&&欧美MM,30&&卡通动漫,31","click":true},
{"id":1,"name":"*黄AV资源","url":"https://www.pgxdy.com/api/xml.php","cate":"国产直播,20&&明星换脸,21&&国产门事件,22&&无码破解,23&&骑兵有码,24&&名优中字,25&&精彩剧情,26&&角色扮演,27&&唯美三级,28&&重口味,29&&卡通动画,30&&金发幼齿,31&&亚洲视频,32","click":true},
{"id":1,"name":"*CK资源","url":"http://www.feifei67.com/api.php/provide/vod/at/xml/","cate":"伦理片,20&&电影,22&&动作片,23&&喜剧片,24&&爱情片,25&&科幻片,26&&恐怖片,27&&剧情片,28&&战争片,29&&悬疑片,30&&记录片,31&&犯罪片,32&&奇幻片,33&&电视剧,34&&国产剧,35&&欧美剧,36&&日韩剧,37&&港台剧,38","click":true},
{"id":1,"name":"*老鸭资源","url":"https://api.apilyzy.com/api.php/provide/vod/at/xml/","cate":"国产情色,20&&日本无码,21&&日本有码,22&&中文字幕,23&&欧美极品,24&&动漫精品,26&&强奸乱伦,27&&变态另类,28&&国产主播,29&&巨乳美乳,30&&制服诱惑,31&&熟女人妻,33&&三级伦理,34&&自拍偷拍,53&&AI换脸,57&&海外明星,58&&福利视频,60&&少女萝莉,62","click":true},
{"id":1,"name":"*老鸭TV","url":"https://laoyatv.com/api.php/provide/vod/at/xml/","cate":"片商,1&&MD系列,2&&国产,3&&节目,4&&91制片厂,6&&天美传媒,7&&星空传媒,8&&精东影业,9&&蜜桃传媒,10&&葫芦鲸鱼,11&&乐博传媒,12&&麻豆,13&&猫爪,14&&爱豆,15&&皇家华人,16&&兔子先生,17&&情色游戏,18&&自拍调教,20&&网爆泄密,21&&主播录播,22&&探花偷拍,23&&素人自制,24&&涩会SH,25&&叮叮DD,26&&肉肉RR,27&&辣椒HPP,28&&豚豚TT,29&&AV解说,31&&未分类系列,32&&日韩字幕,33&&色空,34&&日本无码,35","click":true},
{"id":1,"name":"*花椒资源","url":"https://apihjzy.com/api.php/provide/vod/at/xml/","cate":"精品推荐,20&&国产情色,21&&网红主播,22&&日本无码,23&&亚洲有码,24&&中文字幕,25&&欧美情色,26&&美乳巨乳,27&&口爆颜射,28&&萝莉少女,29&&SM调教,30&&人妻熟女,31&&三级伦理,32&&成人动画,33","click":true},
{"id":1,"name":"*辣椒资源","url":"https://apilj.com/api.php/provide/vod/at/xml/","cate":"国产自拍,1&&欧美极品,2&&日韩无码,3&&日韩有码,4&&中文字幕,20&&动漫精品,21&&极骚萝莉,22&&人妖视频,23&&重咸口味,24&&三级自慰,25&&强奸乱伦,26&&独家擂台格斗,27&&辣椒GIGA,28&&HEYZO,31&&独家DMM,32&&HEY诱惑,33&&童颜巨乳,34&&高潮喷吹,35&&激情口交,36&&绝美少女,37&&首次亮相,38&&柚木TINA,39&&原纱央莉,40&&大桥未久,41&&橘日向,42&&仁科百华,43&&天海翼,44&&小川阿佐美,45&&樱井莉亚,46&&长泽梓,47","click":true},
{"id":1,"name":"*乐播资源","url":"https://lbapi9.com/api.php/provide/vod/at/xml/","cate":"亚洲情色,1&&国产主播,2&&国产自拍,3&&无码专区,4&&欧美性爱,5&&熟女人妻,6&&强奸乱伦,7&&巨乳美乳,8&&中文字幕,9&&制服诱惑,10&&女同性恋,11&&卡通动画,12&&视频伦理,13&&少女萝莉,14&&重口色情,15&&人兽性交,16","click":true},
{"id":1,"name":"*博天堂","url":"http://bttcj.com/inc/sapi.php","cate":"香港伦理,1&&国产伦理,2&&日本伦理,12&&韩国伦理,3&&欧美伦理,4","click":true},
{"id":1,"name":"*环亚资源","url":"http://wmcj8.com/inc/sapi.php","cate":"乱伦无码,2&&巨乳无码,12&&强奸无码,3&&人妻无码,4&&制服无码,5","click":true},
{"id":1,"name":"*JAV名优馆","url":"http://mygzycj.com/api.php?ac=videolist","cate":"骑兵有码,1&&步兵无码,2&&金发幼齿,3&&三级剧情,4&&韩美眉主播,5&&韩美眉伦理,6&&韩美眉综艺,7&&VR有码,8&&VR无码,9&&名优写真,10&&名优综艺,11&&名优中字,12&&无码破解,13","click":true},
{"id":1,"name":"*AVZY6888资源","url":"http://m.7777688.com/inc/api.php","cate":"自拍偷拍,2&&三级自慰,3&&成人动漫,4&&巨乳波霸,5&&强奸乱伦,6&&人妻熟女,7&&制服丝袜,8&&花季少女,9&&无码露毛,10&&欧美色情,11&&群P多人,12&&中文字幕,13&&韩国淫案,19&&明星淫梦,18&&网红主播,20","click":true},
{"id":1,"name":"*色色资源","url":"http://secj8.com/inc/sapi.php?ac=videolist","cate":"亚洲情色,1&&制服师生,2&&卡通动漫,12&&丝袜美腿,3&&强奸乱伦,4&&偷拍自拍,5&&4K岛国,13&&中文字幕,7&&欧美性爱,8&&人妻熟女,9&&无码专区,10","click":true},
{"id":1,"name":"*玖玖资源","url":"http://99zywcj.com/inc/sapi.php?ac=videolist","cate":"强奸乱伦,4&&人妻熟女,9&&亚洲情色,1&&制服丝袜,2&&美女写真,16&&国产精品,5&&无码专区,10&&中文字幕,7&&SM捆绑,3&&自淫系列,14&&拳交系列,15","click":true},
{"id":1,"name":"*久草资源","url":"http://jcspcj8.com/api?ac=videolist","cate":"亚洲无码,1&&亚洲情色,2&&中文字幕,3&&国产偷拍,4&&欧美性爱,5&&强奸乱伦,8&&制服师生,9&&国产情侣,10&&小说,6","click":true},
{"id":1,"name":"*狼少年","url":"http://cjmygzy.com/inc/sapi.php?ac=videolist","cate":"明星淫梦,24&&VR有码,14&&VR无码,21&&人兽,19&&人妖,20&&男同,15&&女同,16&&亚洲情色,1&&强奸乱伦,4&&偷拍自拍,5&&风骚寡妇,9&&制服师生,2&&欧美性爱,8&&JAV高清,12&&动漫,25","click":true},
{"id":1,"name":"*富二代资源","url":"http://f2dcj6.com/sapi?ac=videolist","cate":"国产精品,10&&福利姬,19&&精品三级,11&&主播大秀,14&&抖阴视频,13&&国模私拍,17&&【原创】水果派,18&&颜射瞬间,16&&女神学生,1&&美熟少妇,2&&娇妻素人,3&&空姐模特,4&&国产乱伦,5&&自慰群交,6&&野合车震,7&&职场同事,8&&国产名人,9&&网曝门事件,12&&小鸟酱专题,15","click":true},
{"id":1,"name":"*字幕网","url":"http://zmcj88.com/sapi?ac=videolist","cate":"无码中文av,14&&强奸中文av,2&&巨乳中文av,3&&乱伦中文av,4&&制服中文av,5&&人妻中文av,8&&调教中文av,9&&出轨中文av,10&&精品短视频,11","click":true},
{"id":1,"name":"*利来资源","url":"http://llzxcj.com/inc/sck.php?ac=videolist","cate":"非亚洲视频,46&&明星换脸,45&&国产女王调教,44&&国产女奴调教,21&&韩国精品,5&&韩国极品主播,11&&韩国唯美三级,35&&韩国明星学生,43&&其他亚洲视频,42","click":true},
{"id":1,"name":"*佳丽资源","url":"http://www.jializyzapi.com/api.php/provide/vod/at/xml/","cate":"国产精品,20&&主播直播,21&&日本无码,22&&日本有码,23&&欧美极品,24&&中文字幕,25&&强奸乱伦,26&&制服黑丝,27&&巨乳美乳,28&&少女萝莉,29&&变态捆绑,30&&三级伦理,31&&成人动漫,32&&自拍偷拍,36&&编辑专用,38&&熟女人妻,39&&AI换脸,40","click":true},
{"id":1,"name":"*番号资源","url":"http://fhapi9.com/api.php/provide/vod/at/xml/","cate":"制服丝袜,1&&群交淫乱,2&&无码专区,3&&偷拍自拍,4&&卡通动漫,5&&中文字幕,6&&欧美性爱,7&&巨乳美乳,8&&国产裸聊,9&&国产自拍,10&&国产盗摄,11&&伦理三级,12&&女同性恋,13&&少女萝莉,14&&人妖系列,15&&虚拟VR,16","click":true},
{"id":1,"name":"*鲨鱼资源","url":"https://shayuapi.com/api.php/provide/vod/at/xml/","cate":"国产情色,1&&日本无码,2&&日本有码,3&&中文字幕,20&&网红主播,21&&成人动漫,22&&欧美情色,23&&国模私拍,24&&长腿丝袜,25&&邻家人妻,26&&韩国伦理,27&&香港伦理,28&&精品推荐,31&&原纱央莉,32&&柚木TINA,33&&大桥未久,34&&橘日向,35&&仁科百华,36&&天海翼,37&&小川阿佐美,38&&樱井莉亚,39&&长泽梓,40","click":true},
{"id":1,"name":"*速度资源","url":"http://www.ggmmzy.com:9999/inc/xml","cate":"中文字幕,1&&日韩三级,2&&日本骑兵,3&&亚洲无码,4&&欧美无码,5&&国产自拍,6&&精品动漫,7","click":true},
{"id":1,"name":"*KK写真资源","url":"https://kkzy.me/api.php/provide/vod/at/xml/","cate":"伦理片,1&&写真资源,2&&韩国伦理,20&&香港三级,21&&西方伦理,22&&动漫,23&&日本伦理,24&&两性课堂,25","click":true}
]}