{"data":[
{"id":1,"name":"parwix","ad":"no","url":"https://jx.parwix.com:4433/player/?url="},
{"id":1,"name":"parwix2","ad":"no","url":"https://jx.parwix.com:4433/player/analysis.php?v="},
{"id":1,"name":"晓成云","ad":"no","url":"https://vip.cygc.xyz/?url="},
{"id":1,"name":"旧梦影视","ad":"no","url":"https://jmwl.qd234.cn/v/?v="},
{"id":1,"name":"干饭(人人迷)","ad":"no","url":"https://jx.zui.cm/?url="},
{"id":1,"name":"Bl解析","ad":"no","url":"https://svip.bljiex.cc/?v="},
{"id":1,"name":"xuerenweb2","ad":"no","url":"https://xrm3u8.qd234.cn/?url="},
{"id":1,"name":"blbo","ad":"no","url":"https://jx.blbo.cc:4433/?url="},
{"id":1,"name":"618g","ad":"no","url":"https://jx.618g.com/?url="},
{"id":1,"name":"660e","ad":"no","url":"https://660e.com/?url="},
{"id":1,"name":"admin","ad":"no","url":"https://www.administratorw.com/admin.php?url="},
{"id":1,"name":"attakids","ad":"no","url":"https://jsap.attakids.com/?url="},
{"id":1,"name":"bljiex","ad":"no","url":"https://vip.bljiex.cc/?v="},
{"id":1,"name":"h8jx","ad":"no","url":"https://www.h8jx.com/jiexi.php?url="},
{"id":1,"name":"m1907","ad":"no","url":"https://z1.m1907.cn/?jx="},
{"id":1,"name":"m2090","ad":"no","url":"https://m2090.com/?url="},
{"id":1,"name":"m3u8","ad":"no","url":"https://jx.m3u8.tv/jiexi/?url="},
{"id":1,"name":"nxflv","ad":"no","url":"https://www.nxflv.com/?url="},
{"id":1,"name":"okjx","ad":"no","url":"https://okjx.cc/?url="},
{"id":1,"name":"vercel","ad":"no","url":"https://thinkibm.vercel.app/?url="},
{"id":1,"name":"xmflv","ad":"no","url":"https://jx.xmflv.com/?url="},
{"id":1,"name":"yemu","ad":"no","url":"https://www.yemu.xyz/?url="},
{"id":1,"name":"飞飞","ad":"no","url":"https://y.9dan.cc/?v="},
{"id":1,"name":"云解析","ad":"no","url":"https://jx.aidouer.net/?url="},
{"id":1,"name":"奥特曼","ad":"no","url":"https://api.aoteman.tv/?url="},
{"id":1,"name":"弹幕蓝光","ad":"no","url":"http://jx.yekong.cc/dmplay/?url="},
{"id":1,"name":"yikan","ad":"no","url":"https://analysis.yikan.one/analysis/player/?uid=8&my=fjkmoqFJLORTVZ1359&url="},
{"id":1,"name":"万能解析","ad":"no","url":"https://vip.legendwhb.cn/m3u8.php?url="},
{"id":1,"name":"miao","ad":"no","url":"https://jx.58g8.com/1/?url="},
{"id":1,"name":"xuerenweb","ad":"no","url":"https://s.2tu.uk/?url="},
{"id":1,"name":"M117","ad":"no","url":"http://1.117.152.239:39000/?url="},
{"id":1,"name":"225173","ad":"no","url":"https://wds.ecsxs.com/225173.html?url="},
{"id":1,"name":"225196","ad":"no","url":"https://wds.ecsxs.com/225196.html?url="},
{"id":1,"name":"225201","ad":"no","url":"https://wds.ecsxs.com/225201.html?url="},
{"id":1,"name":"222787","ad":"no","url":"https://wds.ecsxs.com/222787.html?url="},
{"id":1,"name":"225188","ad":"no","url":"https://wds.ecsxs.com/225188.html?url="}
]
}