[
{"id":0,"key":"if101(海外推荐)","name":"if101(海外推荐)","api":"https://demo.if101.tv/api.php/provide/vod/at/xml","jiexiUrl":"","group":"#官方解析","isActive":true,"status":"可用","reverseOrder":false},
{"id":4,"key":"天堂资源(官)","name":"天堂资源(官)","api":"http://vipmv.cc/api.php/provide/vod/at/xml/","jiexiUrl":"https://jx.parwix.com:4433/player/?url=","group":"#官方解析","isActive":true,"status":"可用","reverseOrder":false},
{"id":6,"key":"麒麟资源(官)","name":"麒麟资源(官)","api":"http://www.qilinzyz.com/api.php/provide/vod/at/xml/","jiexiUrl":"https://jx.parwix.com:4433/player/?url=","group":"#官方解析","isActive":true,"status":"可用","reverseOrder":false},
{"id":8,"key":"诺讯资源(官)","name":"诺讯资源(官)","api":"http://caiji.nxflv.com/api.php/provide/vod/at/xml/","jiexiUrl":"https://www.nxflv.com/?url=","group":"#官方解析","isActive":true,"status":"可用","reverseOrder":false},
{"id":10,"key":"江北资源(官)","name":"江北资源(官)","api":"https://gfzycj.hnmj.vip/api.php/provide/vod/at/xml/","jiexiUrl":"https://jx.parwix.com:4433/player/?url=","group":"#官方解析","isActive":true,"status":"可用","reverseOrder":false},
{"id":11,"key":"思古官采(官)","name":"思古官采(官)","api":"http://zy.sgyun.me/api.php/provide/vod/at/xml/","jiexiUrl":"https://jx.parwix.com:4433/player/?url=","group":"#官方解析","isActive":true,"status":"可用","reverseOrder":false},
{"id":12,"key":"星一官采(官)","name":"星一官采(官)","api":"https://gcku.suboyun.vip/api.php/provide/vod/at/xml/","jiexiUrl":"https://www.xing1.vip/player/dp/?url=","group":"#官方解析","isActive":true,"status":"可用","reverseOrder":false},
{"id":14,"key":"wabc(爱奇艺直采)(官)","name":"wabc(爱奇艺直采)(官)","api":"https://wabc.ml/mao/2.php/provide/vod/at/xml/","group":"#官方解析","isActive":true,"status":"可用","reverseOrder":false},
{"id":16,"key":"看猫(官)","name":"看猫(官)","api":"http://124.222.83.15:88/api.php/provide/vod/at/xml/","jiexiUrl":"https://jx.parwix.com:4433/player/?url=","group":"#官方解析","isActive":true,"status":"可用","reverseOrder":false},
{"id":17,"key":"忆梦(官)","name":"忆梦(官)","api":"http://anltv.cn/api.php/provide/vod/at/xml/","jiexiUrl":"https://jx.parwix.com:4433/player/?url=","group":"#官方解析","isActive":true,"status":"可用","reverseOrder":false},
{"id":20,"key":"首涂官采(官)","name":"首涂官采(官)","api":"http://zy.ishoutu.com/api.php/provide/vod/at/xml/","group":"#官方解析","isActive":true,"status":"可用","reverseOrder":false},
{"id":21,"key":"奥特曼资源(官)","name":"奥特曼资源(官)","api":"https://aotemanzy.com/api.php/provide/vod/at/xml/","group":"#官方解析","isActive":true,"status":"可用","reverseOrder":false},
{"id":22,"key":"雪人官采(官)","name":"雪人官采(官)","api":"https://zl.chinafix.wang/api.php/provide/vod/at/xml/","group":"#官方解析","isActive":true,"status":"可用","reverseOrder":false},
{"id":23,"key":"木子看剧(官)","name":"木子看剧(官)","api":"https://mzkj.maccms.cf/api.php/provide/vod/at/xml/","group":"#官方解析","isActive":true,"status":"可用","reverseOrder":false},
{"id":24,"key":"小猫咪(官)","name":"小猫咪(官)","api":"http://zy.xiaomaomi.cc/api.php/provide/vod/at/xml/","jiexiUrl":"http://xiaomaomi.cc/player/?url=","group":"#官方解析","isActive":true,"status":"可用","reverseOrder":false},
{"id":25,"key":"阿远采集(官)","name":"阿远采集(官)","api":"https://www.cjzy.xyz:8888/api.php/provide/vod/at/xml/","group":"#官方解析","isActive":true,"status":"可用","reverseOrder":false},
{"id":28,"key":"金鹰资源(切)","name":"金鹰资源(切)","api":"http://jinyingzy.com/provide/vod","group":"#切片资源","isActive":true,"status":"可用","reverseOrder":false},
{"id":29,"key":"1080资源库(切)","name":"1080资源库(切)","api":"https://api.1080zyku.com/inc/api_mac10.php","group":"#切片资源","isActive":true,"status":"可用","reverseOrder":false},
{"id":30,"key":"TOM资源(切)","name":"TOM资源(切)","api":"https://api.tomcaiji.com/api.php/provide/vod/at/xml/","group":"#切片资源","isActive":true,"status":"可用","reverseOrder":false},
{"id":31,"key":"快车资源(切)","name":"快车资源(切)","api":"https://caiji.kczyapi.com/api.php/provide/vod/at/xml/","group":"#切片资源","isActive":true,"status":"可用","reverseOrder":false},
{"id":32,"key":"松鼠资源(切)","name":"松鼠资源(切)","api":"https://m3u8.songshuzy.com/api.php/provide/vod/at/xml/","group":"#切片资源","isActive":true,"status":"可用","reverseOrder":false},
{"id":35,"key":"FOX资源(切)","name":"FOX资源(切)","api":"https://api.foxzyapi.com/api.php/provide/vod/at/xml/","group":"#切片资源","isActive":true,"status":"可用","reverseOrder":false},
{"id":36,"key":"量子资源(切)","name":"量子资源(切)","api":"http://cj.lziapi.com/api.php/provide/vod/at/xml/","group":"#切片资源","isActive":true,"status":"可用","reverseOrder":false},
{"id":37,"key":"神速资源(切)","name":"神速资源(切)","api":"https://api.sszyapi.com/api.php/provide/vod/at/xml/","group":"#切片资源","isActive":true,"status":"可用","reverseOrder":false},
{"id":39,"key":"卧龙资源(切)","name":"卧龙资源(切)","api":"https://collect.wolongzyw.com/api.php/provide/vod/at/xml/","group":"#切片资源","isActive":true,"status":"可用","reverseOrder":false},
{"id":42,"key":"樱花资源(切)","name":"樱花资源(切)","api":"https://m3u8.apiyhzy.com/api.php/provide/vod/at/xml/","group":"#切片资源","isActive":true,"status":"可用","reverseOrder":false},
{"id":43,"key":"想看资源(切)","name":"想看资源(切)","api":"https://m3u8.xiangkanapi.com/api.php/provide/vod/at/xml/","group":"#切片资源","isActive":true,"status":"可用","reverseOrder":false},
{"id":44,"key":"酷点资源(切)","name":"酷点资源(切)","api":"https://kudianzy.com/api.php/provide/vod/at/xml/","group":"#切片资源","isActive":true,"status":"可用","reverseOrder":false},
{"id":45,"key":"速更资源(切)","name":"速更资源(切)","api":"https://sugengzy.cn/api.php/provide/vod/at/xml/","group":"#切片资源","isActive":true,"status":"可用","reverseOrder":false},
{"id":46,"key":"闪电资源(切)","name":"闪电资源(切)","api":"http://sdzyapi.com/api.php/provide/vod/at/xml/","group":"#切片资源","isActive":true,"status":"可用","reverseOrder":false},
{"id":48,"key":"光速资源(切)","name":"光速资源(切)","api":"https://api.guangsuapi.com/api.php/provide/vod/at/xml/","group":"#切片资源","isActive":true,"status":"可用","reverseOrder":false},
{"id":49,"key":"新浪资源(切)","name":"新浪资源(切)","api":"http://api.xinlangapi.com/xinlangapi.php/provide/vod/at/xml/","group":"#切片资源","isActive":true,"status":"可用","reverseOrder":false},
{"id":50,"key":"鱼乐资源(切)","name":"鱼乐资源(切)","api":"https://api.ylzy1.com/api.php/provide/vod/at/xml/","group":"#切片资源","isActive":true,"status":"可用","reverseOrder":false},
{"id":51,"key":"韩剧资源(切)","name":"韩剧资源(切)","api":"http://www.hanjuzy.com/inc/api.php","group":"#切片资源","isActive":true,"status":"可用","reverseOrder":false},
{"id":52,"key":"快播资源(切)","name":"快播资源(切)","api":"http://www.kuaibozy.com/api.php/provide/vod/at/xml/","group":"#切片资源","isActive":true,"status":"可用","reverseOrder":false},
{"id":53,"key":"八戒资源(切)","name":"八戒资源(切)","api":"http://cj.bajiecaiji.com/inc/api.php","group":"#切片资源","isActive":true,"status":"可用","reverseOrder":false},
{"id":54,"key":"百度资源(切)","name":"百度资源(切)","api":"https://api.apibdzy.com/api.php/provide/vod/at/xml/","group":"#切片资源","isActive":true,"status":"可用","reverseOrder":false},
{"id":55,"key":"无尽资源2(切)","name":"无尽资源2(切)","api":"https://wuzy9.com/api.php/provide/vod/at/xml/","group":"#切片资源","isActive":true,"status":"可用","reverseOrder":false},
{"id":56,"key":"无尽资源(切)","name":"无尽资源(切)","api":"https://wujinzy.com/api.php/provide/vod/at/xml/","group":"#切片资源","isActive":true,"status":"可用","reverseOrder":false},
{"id":58,"key":"乐多资源(切)","name":"乐多资源(切)","api":"http://cj.leduocaiji.com/inc/api.php","jiexiUrl":"https://api.leduotv.com/wp-api/getvodurl.php?vid=","group":"#切片资源","isActive":true,"status":"可用","reverseOrder":false},
{"id":60,"key":"南国影源(切)","name":"南国影源(切)","api":"http://api.nguonphim.tv/api.php/provide/vod/at/xml/","group":"#切片资源","isActive":true,"status":"可用","reverseOrder":false},
{"id":61,"key":"U酷资源(优)","name":"U酷资源(优)","api":"https://api.ukuapi.com/api.php/provide/vod/at/xml/","group":"#优质资源","isActive":true,"status":"可用","reverseOrder":false},
{"id":64,"key":"一帆资源(VPN)(优)","name":"一帆资源(VPN)(优)","api":"http://api.if101.tv/v1/vod?ac=list","group":"#优质资源","isActive":true,"status":"可用","reverseOrder":false},
{"id":65,"key":"789盘(优)","name":"789盘(优)","api":"https://www.rrvipw.com/api.php/provide/vod/at/xml/","group":"#优质资源","isActive":true,"status":"可用","reverseOrder":false},
{"id":66,"key":"旋风云(优)","name":"旋风云(优)","api":"http://appimg.ssxmall.cn/api.php/provide/vod/at/xml/","jiexiUrl":"https://jx.58g8.com/1/?url=","group":"#优质资源","isActive":true,"status":"可用","reverseOrder":false},
{"id":69,"key":"鸭奈飞1(优)","name":"鸭奈飞1(优)","api":"http://106.13.199.87:4433/api.php/provide/vod/at/xml/","group":"#优质资源","isActive":true,"status":"可用","reverseOrder":false},
{"id":70,"key":"影世界(优)","name":"影世界(优)","api":"https://video.yingworld.vip/api.php/provide/vod/at/xml/","group":"#优质资源","isActive":true,"status":"可用","reverseOrder":false},
{"id":71,"key":"XYUI(优)","name":"XYUI(优)","api":"http://jx4.xyui.top:7001/api.php/provide/vod/at/xml/","group":"#优质资源","isActive":true,"status":"可用","reverseOrder":false},
{"id":72,"key":"ASMR(优)","name":"ASMR(优)","api":"http://www.asmr19.in/api.php/provide/vod/at/xml/","group":"#优质资源","isActive":true,"status":"可用","reverseOrder":false},
{"id":73,"key":"饭后电影(优)","name":"饭后电影(优)","api":"http://yinliub.cn/api.php/provide/vod/at/xml/","group":"#优质资源","isActive":true,"status":"可用","reverseOrder":false},
{"id":74,"key":"考拉TV(优)","name":"考拉TV(优)","api":"https://ikaola.tv/api.php/provide/vod/at/xml/","jiexiUrl":"https://ikaola.tv/vwnet/dplayer/?url=","group":"#优质资源","isActive":true,"status":"可用","reverseOrder":false},
{"id":75,"key":"段友影视(优)","name":"段友影视(优)","api":"http://shangjihuoke.com/api.php/provide/vod/at/xml/","group":"#优质资源","isActive":true,"status":"可用","reverseOrder":false},
{"id":76,"key":"51看剧(优)","name":"51看剧(优)","api":"http://51kanju.cn/api.php/provide/vod/at/xml/","group":"#优质资源","isActive":true,"status":"可用","reverseOrder":false},
{"id":79,"key":"每天看看(优)","name":"每天看看(优)","api":"http://47.113.126.237:1234/api.php/provide/vod/at/xml/","jiexiUrl":"https://jx.parwix.com:4433/player/?url=","group":"#优质资源","isActive":true,"status":"可用","reverseOrder":false},
{"id":80,"key":"一拳动漫(优)","name":"一拳动漫(优)","api":"http://47.97.68.224/api.php/provide/vod/at/xml/","group":"#优质资源","isActive":true,"status":"可用","reverseOrder":false},
{"id":83,"key":"乐活影视(优)","name":"乐活影视(优)","api":"https://lehootv.com/api.php/provide/vod/at/xml/","group":"#优质资源","isActive":true,"status":"可用","reverseOrder":false},
{"id":84,"key":"筋斗云(优)","name":"筋斗云(优)","api":"https://tv.jindcloud.com/api.php/provide/vod/at/xml/","jiexiUrl":"https://jx.parwix.com:4433/player/?url=","group":"#优质资源","isActive":true,"status":"可用","reverseOrder":false},
{"id":85,"key":"影图(聚)","name":"影图(聚)","api":"https://cj.vodimg.top/api.php/provide/vod/at/xml/","group":"#聚合","isActive":true,"status":"可用","reverseOrder":false},
{"id":86,"key":"猪猪影院(聚)","name":"猪猪影院(聚)","api":"https://www.2zdyy.com/api.php/provide/vod/at/xml/","group":"#聚合","isActive":true,"status":"可用","reverseOrder":false},
{"id":87,"key":"美剧星球(聚)","name":"美剧星球(聚)","api":"https://www.meijuxq.tv/inc/api.php","group":"#聚合","isActive":true,"status":"可用","reverseOrder":false},
{"id":88,"key":"初恋云影视(聚)","name":"初恋云影视(聚)","api":"https://video.xuanqi.pro/api.php/provide/vod/at/xml/","jiexiUrl":"https://jx.parwix.com:4433/player/?url=","group":"#聚合","isActive":true,"status":"可用","reverseOrder":false},
{"id":89,"key":"绿地影视(聚)","name":"绿地影视(聚)","api":"https://v.lvdi.vip/api.php/provide/vod/at/xml/","group":"#聚合","isActive":true,"status":"可用","reverseOrder":false},
{"id":90,"key":"天天影视(聚)","name":"天天影视(聚)","api":"http://tt2022.ga/api.php/provide/vod/at/xml/","group":"#聚合","isActive":true,"status":"可用","reverseOrder":false},
{"id":91,"key":"随缘电影(聚)","name":"随缘电影(聚)","api":"https://baobei666.com/inc/api.php","jiexiUrl":"https://jx.parwix.com:4433/player/?url=","group":"#聚合","isActive":true,"status":"可用","reverseOrder":false},
{"id":92,"key":"飘零影院(聚)","name":"飘零影院(聚)","api":"https://p2100.net/api.php/provide/vod/at/xml/","group":"#聚合","isActive":true,"status":"可用","reverseOrder":false},
{"id":93,"key":"酷点影视(聚)","name":"酷点影视(聚)","api":"http://ys.kudian6.com/api.php/provide/vod/at/xml/","group":"#聚合","isActive":true,"status":"可用","reverseOrder":false},
{"id":98,"key":"艾旦影视(聚)","name":"艾旦影视(聚)","api":"https://lovedan.net/api.php/provide/vod/at/xml/","group":"#聚合","isActive":true,"status":"可用","reverseOrder":false},
{"id":99,"key":"艾思影院(聚)","name":"艾思影院(聚)","api":"https://www.aitee.cc/api.php/provide/vod/at/xml/","jiexiUrl":"https://jx.zjmiao.com/?url=","group":"#聚合","isActive":true,"status":"可用","reverseOrder":false},
{"id":100,"key":"VV影视(聚)","name":"VV影视(聚)","api":"https://vvdy.org/api.php/provide/vod/at/xml/","jiexiUrl":"https://vvdy.org/dm/?url=","group":"#聚合","isActive":true,"status":"可用","reverseOrder":false},
{"id":101,"key":"趣看(聚)","name":"趣看(聚)","api":"https://qkmp4.cn/api.php/provide/vod/at/xml/","group":"#聚合","isActive":true,"status":"可用","reverseOrder":false},
{"id":102,"key":"迅播影院(聚)","name":"迅播影院(聚)","api":"https://www.qgvod.com/api.php/provide/vod/at/xml/","group":"#聚合","isActive":true,"status":"可用","reverseOrder":false},
{"id":103,"key":"39影视(聚)","name":"39影视(聚)","api":"https://www.39kan.com/api.php/provide/vod/at/xml/","group":"#聚合","isActive":true,"status":"可用","reverseOrder":false},
{"id":104,"key":"剧大神(聚)","name":"剧大神(聚)","api":"http://judashen.com/api.php/provide/vod/at/xml/","jiexiUrl":"https://jx.parwix.com:4433/player/?url=","group":"#聚合","isActive":true,"status":"可用","reverseOrder":false},
{"id":106,"key":"嗨哆咪影视(聚)","name":"嗨哆咪影视(聚)","api":"http://hdmys1.com/api.php/provide/vod/at/xml/","group":"#聚合","isActive":true,"status":"可用","reverseOrder":false},
{"id":107,"key":"橘猫影视(聚)","name":"橘猫影视(聚)","api":"http://www.zitv.cc/api.php/provide/vod/at/xml/","group":"#聚合","isActive":true,"status":"可用","reverseOrder":false},
{"id":108,"key":"速影(聚)","name":"速影(聚)","api":"https://速影128.xyz/inc/api.php","group":"#聚合","isActive":true,"status":"可用","reverseOrder":false},
{"id":110,"key":"飘花电影(聚)","name":"飘花电影(聚)","api":"http://www.zzrhgg.com/api.php/provide/vod/at/xml/","group":"#聚合","isActive":true,"status":"可用","reverseOrder":false},
{"id":112,"key":"千寻时光(聚)","name":"千寻时光(聚)","api":"http://wy.dqyhg.cn/api.php/provide/vod/at/xml/","jiexiUrl":"https://jx.parwix.com:4433/player/?url=","group":"#聚合","isActive":true,"status":"可用","reverseOrder":false},
{"id":113,"key":"快看客栈(聚)","name":"快看客栈(聚)","api":"https://www.vp1127.com/api.php/provide/vod/at/xml/","group":"#聚合","isActive":true,"status":"可用","reverseOrder":false},
{"id":114,"key":"网民电影(聚)","name":"网民电影(聚)","api":"https://www.prinevillesda.org/api.php/provide/vod/at/xml/","group":"#聚合","isActive":true,"status":"可用","reverseOrder":false},
{"id":115,"key":"MBO影视(聚)","name":"MBO影视(聚)","api":"https://www.mbomovie.com/api.php/provide/vod/at/xml/","group":"#聚合","isActive":true,"status":"可用","reverseOrder":false},
{"id":116,"key":"兔子窝(聚)","name":"兔子窝(聚)","api":"http://cj.huimaojia.com:12345/api.php/provide/vod/at/xml/","jiexiUrl":"https://jx.parwix.com:4433/player/?url=","group":"#聚合","isActive":true,"status":"可用","reverseOrder":false},
{"id":117,"key":"哇可可影视(聚)","name":"哇可可影视(聚)","api":"https://www.zwcoco.com/api.php/provide/vod/at/xml/","group":"#聚合","isActive":true,"status":"可用","reverseOrder":false},
{"id":118,"key":"共青春(聚)","name":"共青春(聚)","api":"https://gqcyy.com/api.php/provide/vod/at/xml/","jiexiUrl":"https://jx.parwix.com:4433/player/?url=","group":"#聚合","isActive":true,"status":"可用","reverseOrder":false},
{"id":119,"key":"酷猫影视(聚)","name":"酷猫影视(聚)","api":"https://www.pgcms10.com/api.php/provide/vod/at/xml/","group":"#聚合","isActive":true,"status":"可用","reverseOrder":false},
{"id":120,"key":"胖猫影视(聚)","name":"胖猫影视(聚)","api":"http://www.pangmaotv.com/api.php/provide/vod/at/xml/","group":"#聚合","isActive":true,"status":"可用","reverseOrder":false},
{"id":121,"key":"嘛哩嘛哩(聚)","name":"嘛哩嘛哩(聚)","api":"https://malimali3.com/api.php/provide/vod/at/xml/","jiexiUrl":"https://jx.parwix.com:4433/player/?url=","group":"#聚合","isActive":true,"status":"可用","reverseOrder":false},
{"id":122,"key":"海外电影(聚)","name":"海外电影(聚)","api":"https://www.200121.com/api.php/provide/vod/at/xml/","jiexiUrl":"https://jx.parwix.com:4433/player/?url=","group":"#聚合","isActive":true,"status":"可用","reverseOrder":false}
]