{
  "data": [
    {
      "title": "中秋团圆季-进口好礼会场",
      "url": "https://s.click.taobao.com/SnaCWwu",
      "desc": "中秋团圆季-进口好礼会场-打开手机淘宝扫描下面二维码进入",
      "img": "https://gw.alicdn.com/tfs/TB1nFoWUhD1gK0jSZFsXXbldVXa-800-450.png",
      "scanDesc": "\n打开手机淘宝扫描下面二维码进入",
      "show": false,
      "isGoods": false,
      "goodsId": "570511367490"
    },
    {
      "title": "捡漏双十一",
      "url": "https://m.tb.cn/h.4baVgXn",
      "desc": "打开淘宝扫一扫进入双十一会场最高1111元",
      "img": "https://img.alicdn.com/imgextra/i1/913168420/O1CN01i6jheL2C4PVK3Z1zf_!!913168420.jpg",
      "scanDesc": "",
      "show": false,
      "isGoods": false,
      "goodsId": "614895243709"
    },
    {
      "title": "TV版使用说明",
      "url": "https://gitee.com/shuncaigao/sourceShare/raw/master/donate/new_wechat_code.png",
      "desc": "微信扫一扫关注公众号查看",
      "img": "https://gitee.com/shuncaigao/sourceShare/raw/master/donate/new_wechat_code.png",
      "scanDesc": "",
      "show": false,
      "isGoods": false,
      "goodsId": "614895243709"
    },
    {
      "title": "TV端需要注意哪些？",
      "url": "https://mp.weixin.qq.com/s/M7BAVssld38BXQZJX0dQ9w",
      "desc": "微信扫一扫查看(看完别忘 点赞 再看 卡片广告 谢谢)",
      "img": "https://img.alicdn.com/imgextra/i1/913168420/O1CN01WQLE8i2C4PMQ0qRkd_!!913168420.png",
      "scanDesc": "",
      "show": false,
      "isGoods": false,
      "goodsId": "614895243709"
    },
    {
      "title": "天猫商品一分购",
      "url": "http://www.a25.store/firstorder.html?id=70767",
      "desc": "(一分购撸单)打开浏览器或微信扫一扫领取天猫发放淘礼金内低至一分购有具体视频教程",
      "img": "https://img.alicdn.com/imgextra/i1/913168420/O1CN018shWqo2C4PULwuLuh_!!913168420.png",
      "scanDesc": "",
      "show": false,
      "isGoods": false,
      "goodsId": "614895243709"
    }
  ]
}