{
  "data": [
    {
      "name": "douyu",
      "pic": "https://rpic.douyucdn.cn/asrpic/220428/7298973_0050.png/dy2",
      "webUrl": "https://freed.yuanhsing.cf/tv/douyu.json",
      "type": "gitJson",
      "subTitle": "",
      "click": true,
      "autoNext": false,
      "webOpen": false,
      "keyDownPlay": true,
      "keyUpPlay": true,
      "userAgent": "",
      "ads": "",
      "decoder": 1,
      "webPlus": {}
    }, 
    {
      "name": "Bilibili",
      "pic": "http://i0.hdslb.com/bfs/live/new_room_cover/5df1e7f98bd2803a20dc0b7b5c5724d363441a6d.jpg",
      "webUrl": "https://freed.yuanhsing.cf/tv/Bilibili.json",
      "type": "gitJson",
      "subTitle": "",
      "click": true,
      "autoNext": false,
      "webOpen": false,
      "keyDownPlay": true,
      "keyUpPlay": true,
      "userAgent": "",
      "ads": "",
      "decoder": 1,
      "webPlus": {}
    }, 
    {
      "name": "Huya",
      "pic": "https://huyaimg.msstatic.com/avatar/1029/18/5d04dbcf6ab709f749023603de2b86_180_135.jpg",
      "webUrl": "https://freed.yuanhsing.cf/tv/huya.json",
      "type": "gitJson",
      "subTitle": "",
      "click": true,
      "autoNext": false,
      "webOpen": false,
      "keyDownPlay": true,
      "keyUpPlay": true,
      "userAgent": "",
      "ads": "",
      "decoder": 1,
      "webPlus": {}
    }, 
    {
      "name": "m3u格式测试源",
      "pic": "https://imgpub.chuangkit.com/materials/2021/08/30/24ee516b-b5a2-415d-ba65-ea35b613cbd2?x-oss-process=image/resize,w_200/format,webp",
      "webUrl": "https://iptv-org.github.io/iptv/countries/cn.m3u",
      "type": "m3u",
      "subTitle": "",
      "click": true,
      "autoNext": false,
      "webOpen": false,
      "keyDownPlay": true,
      "keyUpPlay": true,
      "userAgent": "",
      "ads": "",
      "decoder": 0,
      "webPlus": {}
    },
    {
      "name": "m3u格式测试源",
      "pic": "https://imgpub.chuangkit.com/materials/2021/09/15/75978b65-3340-4f8a-b146-8a5049febbd0?x-oss-process=image/resize,w_200/format,webp",
      "webUrl": "https://github.com/goolguy007/radioer/raw/main/TVradio",
      "type": "m3u",
      "subTitle": "",
      "click": true,
      "autoNext": true,
      "webOpen": false,
      "keyDownPlay": true,
      "keyUpPlay": true,
      "userAgent": "",
      "ads": "",
      "decoder": 0,
      "webPlus": {}
    },
    {
      "name": "m3u格式测试源",
      "pic": "https://imgpub.chuangkit.com/materials/2021/09/15/75978b65-3340-4f8a-b146-8a5049febbd0?x-oss-process=image/resize,w_200/format,webp",
      "webUrl": "https://pastebin.com/raw/Dg5EDRXp",
      "type": "txt",
      "subTitle": "",
      "click": true,
      "autoNext": true,
      "webOpen": false,
      "keyDownPlay": true,
      "keyUpPlay": true,
      "userAgent": "",
      "ads": "",
      "decoder": 0,
      "webPlus": {}
    }
  ]
}
